SAM.ID	Sample.Name	Sex	KrasMutation	KrasMutStatus	KEAP1_z-scored_expression	STK11_z-scored_expression	Mucinous_differentiation_signature	STK11_deficiency_signature	MAPK_signature	STK11_mutation_or_homozygous_loss	KEAP1_NFE2L2_mutation	TP53_mutation_or_homozygous_loss	CDKN2A_mutation_or_homozygous_loss	NKX2-1_amplification	Subtype	score.MUC	score.PRO	score.MES
SAM587555	NCI-H1437	Male	NA	FALSE	-9.045874332	-0.83058874	1.633910145	1.306500757	-0.087604051	WT	WT	WT	ALT	ALT	MUC	1.31338423	0.446142141	-2.249424095
SAM636818	HCC1534	NA	NA	FALSE	-9.014494611	0.149066551	-0.348237045	0.373759599	-0.136777834	WT	WT	ALT	WT	WT	unclassified	0.650258201	0.893855556	0.821658143
SAM636069	NCI-H1437 (ATCC)	Male	NA	FALSE	-8.928455706	-0.766245106	1.609105536	1.278755958	0.072939609	WT	WT	WT	ALT	ALT	MUC	1.241053625	0.155361642	-1.953632661
SAM636791	CAL-12T	Male	NA	FALSE	-5.781315035	-5.202140317	-0.359913717	-0.275093411	0.221302517	WT	WT	ALT	WT	ALT	MUC	0.865912148	-1.670646952	0.309757217
SAM636138	NCI-H2170	Male	NA	FALSE	-4.144003174	0.007477164	0.581347308	0.071034761	-0.089337714	WT	ALT	ALT	ALT	ALT	unclassified	0.321941411	0.058475764	-1.44485734
SAM8810556	NCI-H838	Male	NA	FALSE	-3.239364714	-2.204113083	-0.449561144	-0.021050196	-0.463115169	ALT	ALT	ALT	ALT	ALT	unclassified	-0.179040949	0.229530402	-0.045519358
SAM587527	Calu-3	Male	V7Gfs*26	TRUE	-2.173642663	-1.293727643	0.588478145	-0.155521691	0.8818506	WT	ALT	ALT	ALT	ALT	MUC	2.237408182	-1.206205118	-0.307246521
SAM587534	H1355	Male	G13C	TRUE	-2.025309186	-3.045754102	-0.454053185	0.268171436	-0.169438451	ALT	ALT	ALT	WT	ALT	PRO	0.161635474	0.771639981	-0.697492355
SAM635634	NCI-H1781	Female	NA	FALSE	-1.987911817	0.416844035	0.475192725	0.054970414	0.453298334	WT	ALT	ALT	WT	ALT	unclassified	-0.75239735	0.136242689	-0.37268882
SAM639171	NCI-H1882	Male	NA	FALSE	-1.264942803	-0.591393893	0.077545255	-0.084287028	-0.24135192	WT	WT	WT	WT	WT	unclassified	-0.70619656	-0.106336833	-0.259003966
SAM636770	NCI-H1869	Male	NA	FALSE	-1.22880463	0.115981696	-0.432522925	0.074486077	0.170935933	WT	WT	ALT	ALT	ALT	MES	-0.273706854	-3.129504553	1.09996662
SAM587571	NCI-H2106	Male	NA	FALSE	-1.162295408	-0.533571485	0.105080239	0.008197184	-1.174743265	WT	WT	WT	WT	ALT	PRO	-0.731359631	0.755769798	0.278441454
SAM636819	NCI-H187	Male	NA	FALSE	-1.159112513	1.519583917	0.195145796	0.051774474	-1.341562509	WT	WT	ALT	WT	ALT	PRO	-1.307899193	0.842085569	-0.061034871
SAM636809	NCI-H1930	Male	NA	FALSE	-1.154455586	-0.076528731	-0.028233661	0.336791317	-0.834625734	WT	ALT	ALT	WT	ALT	PRO	-0.417044444	1.248265804	0.090274374
SAM636846	NCI-H345	Male	NA	FALSE	-1.148768119	0.002731239	-0.297375629	0.103712739	-0.143801873	WT	WT	WT	WT	ALT	PRO	-1.554627498	1.148216269	0.01947772
SAM636196	HCC193	Female	NA	FALSE	-1.097990022	-0.20727014	-0.439991574	-0.418244894	0.274574719	WT	ALT	ALT	WT	WT	MUC	0.334571862	-0.662463884	-0.023720014
SAM636845	NCI-H1395	Female	NA	FALSE	-1.078376653	-1.870875066	0.566346099	0.908934377	-0.098026627	ALT	WT	WT	WT	ALT	PRO	0.532029223	1.103033951	-1.495015773
SAM635643	NCI-H358	NA	G12C	TRUE	-0.997901039	0.035735067	0.113840532	0.116135148	0.562597932	WT	WT	WT	WT	ALT	MES	-0.4952202	-1.434029877	0.505738587
SAM636072	NCI-H82	NA	NA	FALSE	-0.948675659	-0.665152666	-0.449614495	0.102110797	-1.661428596	WT	WT	ALT	WT	WT	unclassified	-0.411046458	0.732621749	0.917086769
SAM636771	NCI-H1734	Female	G13C	TRUE	-0.91695552	-1.114499853	-0.197546303	0.241280997	0.62582661	ALT	WT	ALT	WT	ALT	MES	-1.084795127	-0.187859642	0.821825953
SAM636198	LCLC-103H	Male	NA	FALSE	-0.898054398	0.54142624	-0.455612256	-0.491721865	-0.570293104	WT	WT	ALT	ALT	WT	unclassified	0.263802895	0.12410189	0.180652975
SAM587529	EBC-1	NA	NA	FALSE	-0.890323219	0.381359596	-0.443281902	-0.22788429	0.798706781	WT	ALT	ALT	ALT	ALT	unclassified	0.310444287	-1.737101191	0.15593031
SAM588234	H1770	NA	NA	FALSE	-0.835352061	0.049595446	-0.432887852	-0.046496396	-1.458036301	WT	WT	ALT	WT	ALT	PRO	-0.175395623	1.096732674	0.575907909
SAM639172	NCI-H2081	Female	NA	FALSE	-0.813581221	-0.357917255	0.11071985	0.470092368	-0.629098224	WT	WT	WT	WT	ALT	PRO	-0.743828752	0.998983736	-0.512209772
SAM587600	SW1573	Female	G12C	TRUE	-0.77996323	1.293813089	-0.282896535	-0.276089911	0.475692602	WT	ALT	WT	ALT	ALT	unclassified	-0.067742888	0.28893179	0.400478974
SAM635977	RERF-LC-KJ	Male	NA	FALSE	-0.774922055	-4.205654603	1.187411452	0.281971018	-0.268920187	WT	WT	ALT	WT	ALT	MUC	0.685899944	-0.888106443	-0.856369263
SAM639169	DMS 53	Male	NA	FALSE	-0.752480906	-1.216088592	0.03949752	0.437406259	0.191033044	WT	WT	WT	WT	WT	PRO	-0.511135383	2.229893742	-1.274798805
SAM636850	HCC461	NA	G12D	TRUE	-0.737817338	0.301102078	-0.156293542	-0.144627072	0.859254507	WT	WT	WT	WT	ALT	unclassified	0.374271455	-0.373139768	0.234193754
SAM9978240	NCI-H2591	NA	NA	FALSE	-0.677038201	-0.660773789	-0.396274529	-0.233620734	-0.082975373	WT	WT	WT	WT	WT	unclassified	0.24160436	0.07222643	-0.144535234
SAM639178	SW 900	Male	G12V	TRUE	-0.561543544	0.535015428	-0.293290976	-0.016425442	1.439553184	WT	WT	ALT	ALT	ALT	MES	-0.806439232	-0.912465301	0.937400583
SAM636826	MOR	NA	G13C	TRUE	-0.559197582	-1.938351536	0.166422644	0.396790473	0.611929518	WT	ALT	ALT	WT	ALT	PRO	-0.189544481	0.376778955	-0.936146265
SAM587564	NCI-H1838	Female	NA	FALSE	-0.542744163	0.507375271	-0.452684921	0.037066561	0.7660969	WT	WT	ALT	ALT	ALT	MES	-1.003729679	-1.069753721	0.825929106
SAM587523	A-427	Male	G12D	TRUE	-0.493571188	-4.313974357	-0.339320509	0.292021294	0.445433176	WT	WT	WT	ALT	ALT	unclassified	-0.344205758	0.51679462	0.579089112
SAM636823	NCI-H1651	Male	NA	FALSE	-0.492975139	-4.40322051	-0.355234532	-0.060146321	-0.241540503	WT	WT	ALT	ALT	ALT	PRO	-0.005828735	0.554365634	0.063389588
SAM635976	NCI-H650	Male	Q61L	TRUE	-0.476640051	-0.418572254	-0.414103727	-0.021885696	1.050908494	WT	ALT	ALT	WT	ALT	unclassified	0.044326471	-0.398698659	0.342349839
SAM9978239	NCI-H290	NA	NA	FALSE	-0.456742689	-0.786750925	-0.45393841	-0.44072701	-0.424769319	WT	WT	WT	WT	WT	unclassified	-0.10639938	-0.015451714	0.162702599
SAM639151	HCC33 (DSMZ)	Male	NA	FALSE	-0.454074903	-0.416944743	0.08773777	0.201897468	-1.196633645	WT	WT	WT	WT	ALT	PRO	-0.671478829	1.34079167	0.602762722
SAM636860	NCI-H2135	NA	NA	FALSE	-0.413150268	-0.560816406	-0.452303282	-0.169091257	0.281431402	WT	WT	ALT	WT	ALT	MES	0.103216741	-0.169754848	0.71290825
SAM635979	SW1573	Female	NA	FALSE	-0.398891829	0.748693226	-0.1606195	-0.358852672	0.060308392	WT	ALT	WT	ALT	ALT	unclassified	0.066095055	0.474964	0.450751988
SAM639174	NCI-H2196	Male	NA	FALSE	-0.383103466	0.114582698	-0.329597145	-0.028615819	-0.185001474	WT	WT	ALT	WT	ALT	PRO	-1.316230179	0.914219568	-0.0721803
SAM639203	A549 GDC-0349R	Male	NA	FALSE	-0.359705024	-0.610998313	0.107879927	0.02440697	0.217859883	WT	WT	WT	ALT	ALT	unclassified	-0.101042341	-0.059717643	-0.368354676
SAM636831	NCI-H810	Male	NA	FALSE	-0.323216825	-0.407191925	0.182869139	-0.066258899	-0.851815374	WT	WT	ALT	WT	ALT	PRO	0.432757128	1.105852988	-1.047256666
SAM587537	H1693	Female	NA	FALSE	-0.313944355	-1.676749795	-0.456984075	-0.324884641	0.037006982	WT	WT	WT	WT	ALT	unclassified	0.191634185	-0.816320851	0.26192418
SAM636812	NCI-H820	Male	NA	FALSE	-0.301182722	1.185080662	-0.290136619	-0.132500917	0.230144863	WT	WT	WT	WT	ALT	unclassified	0.307410856	-1.455472148	0.246904725
SAM635623	HCC2935 (UTSW)	Male	NA	FALSE	-0.300985809	-0.060323397	0.236567089	-0.077364212	0.520158718	WT	ALT	ALT	ALT	ALT	unclassified	-0.431848566	-1.435102982	0.146477224
SAM637189	COLO 699	Female	NA	FALSE	-0.269242743	0.349592125	-0.443620286	-0.093509147	-0.502001137	WT	WT	WT	WT	WT	unclassified	0.622468726	0.555435771	-0.433566083
SAM635626	HCC827	Female	NA	FALSE	-0.252480635	-0.505885777	0.371675515	-0.355609448	0.036690895	WT	WT	ALT	WT	ALT	MES	0.033468682	-1.527485874	0.567270725
SAM636065	HCC1171 (UTSW)	NA	G12C	TRUE	-0.241635227	0.324506467	-0.085797866	-0.048894877	1.172473916	WT	WT	ALT	ALT	ALT	MES	-0.699655418	-0.670757713	1.304584767
SAM636844	HCC366	Female	NA	FALSE	-0.230792778	-4.780426751	-0.371732547	-0.243797417	0.712187504	WT	WT	ALT	WT	WT	MES	-0.012579758	-0.638682344	0.333071289
SAM8795277	NCI-H1694	Male	NA	FALSE	-0.225567648	-0.424245613	-0.122760002	0.722715935	-0.746557968	WT	WT	ALT	WT	ALT	PRO	-1.043060471	1.150357691	0.220569712
SAM636073	NCI-N417	NA	NA	FALSE	-0.199740077	-0.044172286	-0.456402575	-0.061296692	-1.277037765	WT	WT	ALT	WT	WT	unclassified	-0.712044818	0.724844152	0.605102946
SAM639152	NCI-H847	Male	NA	FALSE	-0.196585107	-1.219703241	-0.445721189	0.145026072	-0.447095916	WT	WT	ALT	WT	WT	PRO	-0.098642258	0.780780365	0.270997333
SAM587533	EKVX	NA	NA	FALSE	-0.193490983	-0.863253189	-0.433821408	0.266962485	-0.371263776	ALT	ALT	ALT	ALT	ALT	unclassified	0.253586619	0.408349992	-0.006422095
SAM587547	KNS-62	Male	NA	FALSE	-0.181366239	-0.386568999	-0.215342263	0.003642147	0.352115539	WT	WT	ALT	ALT	ALT	unclassified	0.325283669	-0.951061612	0.19665158
SAM587524	A549	Male	G12S	TRUE	-0.15221052	-0.987319354	0.875258727	0.125746278	-0.103896454	ALT	ALT	WT	ALT	ALT	unclassified	0.245130735	0.442477989	-0.766101854
SAM635629	HOP-62	NA	G12C	TRUE	-0.146978255	0.618376034	-0.091362952	-0.308758755	0.727756686	WT	WT	ALT	WT	ALT	unclassified	0.435453478	-0.393386174	0.359641924
SAM636443	HCC2270	Female	NA	FALSE	-0.127753626	0.24304482	-0.412314424	-0.113038963	0.306934633	WT	ALT	ALT	ALT	ALT	MUC	0.388522326	-0.914693516	-0.086899998
SAM635644	NCI-H441	Male	G12V	TRUE	-0.11969211	0.097145166	-0.38266904	-0.10516721	0.184914092	WT	ALT	ALT	WT	ALT	MES	-0.939500406	-2.546169007	0.630390733
SAM639200	A549  GDC-0941RF	Male	NA	FALSE	-0.08177654	-0.187771313	-0.365371885	-0.004254174	0.154801608	WT	WT	WT	ALT	ALT	unclassified	-0.123440885	-0.059547542	-0.439834913
SAM636843	CPC-N	NA	NA	FALSE	-0.072061939	0.678701539	-0.453512768	0.112549275	-1.502305351	WT	WT	ALT	WT	WT	unclassified	-0.660539935	0.729778736	0.705934134
SAM587554	NCI-H1435	Female	NA	FALSE	-0.048682131	-1.175684583	0.11458531	0.151913821	0.466490404	WT	ALT	ALT	WT	WT	MUC	1.263865363	-0.517898419	-0.595381179
SAM639173	NCI-H2172	Female	NA	FALSE	-0.041724608	-5.44588008	-0.449624183	-0.028401036	-0.883943624	ALT	ALT	ALT	WT	ALT	PRO	-0.075317875	0.671738316	-0.758671461
SAM635975	NCI-H596	Male	NA	FALSE	-0.03686082	0.101395965	-0.421176922	-0.219597851	-0.413658063	WT	WT	ALT	WT	ALT	MES	0.18599598	-0.845608266	0.518406418
SAM636199	NCI-H1581	Male	NA	FALSE	-0.02917462	-0.167294584	-0.442517905	0.087392381	0.167865845	WT	WT	ALT	WT	ALT	unclassified	-0.53367546	0.463626228	0.644986609
SAM636859	LCLC-97TM1	Male	G12V	TRUE	0.009152352	1.667607876	-0.395682423	-0.147418115	0.425115177	WT	WT	WT	ALT	ALT	MES	-0.546119683	-2.458596479	0.802031425
SAM635620	ABC-1	NA	NA	FALSE	0.017587933	1.033105042	-0.455070571	-0.134774043	-0.52602195	WT	ALT	ALT	WT	ALT	MUC	0.344406546	-0.573016405	-0.085342669
SAM635625	HCC4011	Male	NA	FALSE	0.028397432	0.327399809	-0.40948919	-0.182806013	0.773706447	WT	WT	ALT	ALT	ALT	MES	0.20520364	-1.949863821	0.710945781
SAM639170	NCI-H1092	Male	NA	FALSE	0.048046037	-0.374632544	0.72156985	0.256015085	-0.933955522	WT	WT	WT	WT	ALT	PRO	-1.644904124	1.332733202	-0.219696618
SAM635624	HCC4006	Male	NA	FALSE	0.060488986	0.420609247	-0.298013531	-0.150463953	0.356704433	WT	WT	ALT	ALT	ALT	MES	0.60586484	-0.777573009	1.481941948
SAM636784	HCC60	Male	G12C	TRUE	0.072921082	-0.949909515	-0.357841809	-0.146913035	0.536038754	WT	ALT	ALT	WT	WT	MES	-0.219968931	-0.026196307	0.422876826
SAM636066	HCC4017 (UTSW)	NA	G12C	TRUE	0.084964528	0.084804184	-0.409904281	-0.131023069	1.2748681	WT	WT	ALT	ALT	WT	MES	0.081186104	-0.960247362	0.798683629
SAM636764	NCI-H2595	NA	NA	FALSE	0.086187084	0.801316012	-0.418572266	-0.339017585	-0.369987843	WT	WT	ALT	ALT	ALT	unclassified	0.541216721	0.099167105	0.529969155
SAM636822	LOU-NH91	Female	NA	FALSE	0.087309022	0.374722793	-0.221034002	-0.251468163	-0.259262906	WT	WT	ALT	ALT	WT	unclassified	0.56278196	-0.373842386	0.321677328
SAM636884	NCI-H920	Male	NA	FALSE	0.08897763	-0.373056741	-0.452504873	0.081804765	0.114934282	WT	ALT	ALT	WT	ALT	unclassified	-0.569374635	-1.237487065	-0.169967293
SAM635633	NCI-H1703	Male	NA	FALSE	0.119619876	1.621104451	-0.389395805	-0.158835832	-0.515700433	WT	ALT	ALT	ALT	WT	PRO	0.163807161	0.663210947	0.330517951
SAM8795221	NCI-H661	Male	NA	FALSE	0.144827993	-0.373457133	-0.455672975	-0.081539033	0.682560576	WT	ALT	ALT	ALT	ALT	unclassified	-0.809073748	0.547944286	0.593446218
SAM636811	NCI-H196	Male	NA	FALSE	0.16216338	0.380536648	-0.454101823	-0.418893954	-0.127978511	WT	WT	ALT	WT	ALT	unclassified	0.129142092	0.240089115	0.427688555
SAM635636	NCI-H2009	NA	G12A	TRUE	0.176263547	-0.358920071	-0.441111885	0.160727477	-0.061673977	WT	ALT	ALT	WT	WT	MES	0.241615562	-0.993153618	0.56885141
SAM636852	NCI-H2810	NA	NA	FALSE	0.178848431	0.463745439	-0.421682548	-0.273546034	0.51804676	WT	ALT	WT	ALT	ALT	unclassified	0.316253642	0.101253759	0.257171333
SAM639175	NCI-H2198	Male	NA	FALSE	0.200254265	0.4312021	-0.208088727	0.174124538	-0.25955665	WT	WT	ALT	WT	ALT	PRO	-1.688497685	1.181352082	0.077599165
SAM636832	NCI-H1299F1-A11	Male	NA	FALSE	0.205068477	-0.166361771	-0.455405453	-0.336128824	0.432423284	WT	WT	WT	WT	WT	MES	0.036652489	-0.112803474	0.432162306
SAM636773	HCC2302	NA	NA	FALSE	0.220725946	-2.166522105	0.024548242	0.307952128	0.108767842	ALT	WT	ALT	WT	ALT	MUC	0.527968759	-0.142828869	-1.324215502
SAM587556	NCI-H1568	Female	NA	FALSE	0.243711989	-5.441196184	-0.237278674	0.013967126	-0.817206675	ALT	ALT	ALT	WT	ALT	PRO	-0.058545586	0.388825727	-0.065518972
SAM635641	NCI-H226	Male	NA	FALSE	0.263555203	0.718225088	-0.452525681	-0.385835339	-0.5098761	WT	ALT	WT	WT	WT	MES	0.456710212	0.007517006	0.858206177
SAM587559	NCI-H1666	Female	NA	FALSE	0.274571379	-1.818860464	-0.257913972	0.225492314	-0.000802187	ALT	WT	WT	ALT	ALT	MUC	0.523593925	-1.074220842	-0.956342486
SAM636768	NCI-H2461	NA	NA	FALSE	0.296745624	0.297267679	-0.453188871	-0.42275864	-0.30851966	WT	WT	WT	ALT	WT	unclassified	0.533529512	-0.123966857	0.614894852
SAM8795212	NCI-H2405	NA	NA	FALSE	0.300046503	-0.281786009	0.514205388	-0.097255463	0.671133704	WT	WT	ALT	ALT	ALT	MUC	1.801369407	-0.528182694	0.099436414
SAM636785	SCLC-22H	Male	NA	FALSE	0.305509769	0.523547515	-0.280490656	0.37224454	-1.285148004	WT	WT	ALT	WT	WT	PRO	-1.434141757	0.869309674	-0.543356977
SAM635631	NCI-H1155	Male	Q61H	TRUE	0.319604512	0.100516148	0.18907074	0.454932846	-0.024984862	WT	WT	ALT	WT	WT	PRO	-0.508561158	0.848044394	0.317703547
SAM636067	HCC515 (UTSW)	NA	G13D	TRUE	0.356306874	-2.686299964	-0.370354397	0.204007841	0.29269351	ALT	WT	ALT	ALT	ALT	unclassified	0.035043079	-0.277897936	-0.070840533
SAM587541	HCC-15	Male	NA	FALSE	0.378048584	-0.25406564	-0.360012381	0.073180498	0.369097965	WT	WT	ALT	ALT	ALT	unclassified	0.311764207	0.128672956	-0.707215554
SAM639204	NCI-H460 GDC-0349R	Male	NA	FALSE	0.380195073	-0.749733402	-0.444479289	0.237076923	0.584277981	WT	WT	WT	ALT	ALT	PRO	-0.004431952	0.312488503	-1.135609578
SAM636769	NCI-H209	Male	NA	FALSE	0.384979681	0.380127555	-0.175673664	0.172763498	-1.17230354	WT	WT	ALT	WT	WT	PRO	-0.505336374	1.974545045	-0.190932972
SAM639168	DMS 454	Male	NA	FALSE	0.388488079	-0.581225852	0.237570147	-0.010579397	-0.529320895	WT	WT	WT	WT	ALT	PRO	0.991658998	1.836738887	-1.126620166
SAM8795215	NCI-H647	Male	G13D	TRUE	0.394521707	-2.771043096	-0.017399655	-0.019308983	0.510503066	WT	ALT	ALT	ALT	ALT	MUC	0.651576718	-0.473717213	-0.788529218
SAM636830	COR-L88	Male	NA	FALSE	0.40635423	0.194353716	-0.237915389	-0.153099282	-0.71852313	WT	ALT	ALT	WT	ALT	PRO	-1.216135746	1.224144746	-0.683823267
SAM635978	RERF-LC-OK	NA	NA	FALSE	0.409000908	0.559623695	-0.413377327	-0.51515616	-0.235285303	WT	ALT	ALT	ALT	ALT	MES	0.206941022	0.129527701	0.639763101
SAM636140	SCLC-21H	Male	NA	FALSE	0.468735556	0.802671374	-0.44625533	0.332127501	-1.243294221	WT	WT	WT	WT	ALT	PRO	-1.100493087	0.716983882	-0.106849466
SAM8795236	NCI-H2141	Male	H94Tfs*20	TRUE	0.478525858	0.392032716	0.161161914	0.405967832	-0.724525807	WT	ALT	ALT	WT	WT	PRO	-1.51574294	1.605767705	0.122218004
SAM636802	NCI-H2347	Female	L19F	TRUE	0.485354316	0.750338478	-0.253094758	-0.21474516	1.213606084	WT	WT	ALT	WT	ALT	MES	-0.277761664	-2.243167861	2.1243571
SAM635974	NCI-H522	Male	NA	FALSE	0.499749408	-0.456867548	-0.443843769	-0.070307714	-0.566195109	WT	WT	ALT	WT	WT	unclassified	0.024695946	0.611024213	0.341887326
SAM636858	HCC364	Male	NA	FALSE	0.534145149	0.557127863	-0.443966375	-0.014246705	0.516237757	WT	ALT	ALT	WT	WT	MES	0.00551557	-1.609620375	1.232458162
SAM636786	HCC1359	NA	NA	FALSE	0.53662033	0.962274631	-0.449722536	-0.312413219	0.507832635	WT	WT	ALT	ALT	ALT	unclassified	0.07047489	-0.049358505	0.353385509
SAM636788	EPLC-272H	Male	NA	FALSE	0.542515954	0.277323354	-0.33659007	-0.279960123	0.697339884	WT	WT	ALT	WT	ALT	MUC	0.64116008	-0.910425322	0.051644095
SAM588235	H2196	Male	NA	FALSE	0.563384501	0.290657358	-0.256714392	0.141831395	-0.028624877	WT	WT	ALT	WT	ALT	PRO	-1.792252064	1.265064986	-0.503235332
SAM636842	COR-L47	Male	K88Nfs*26	TRUE	0.569996545	0.934517956	0.08009549	0.08372051	-1.379716844	WT	ALT	ALT	WT	WT	PRO	-0.375696299	0.916579071	-0.254296357
SAM636197	HCC78	Male	NA	FALSE	0.582788422	1.933388098	-0.43410133	-0.327826007	-0.119056038	WT	WT	ALT	ALT	WT	MES	-0.249859433	-2.281923403	1.315899208
SAM635630	HOP-92	NA	NA	FALSE	0.584969144	-0.664596559	-0.453083764	-0.223603722	0.423312203	WT	ALT	ALT	WT	ALT	MES	-0.054964766	-0.588259229	0.49451011
SAM635642	NCI-H292	Female	NA	FALSE	0.586910467	1.13305955	0.412852272	0.339356865	-0.428646804	WT	WT	WT	ALT	WT	MUC	1.020056607	-0.666111295	-0.82204807
SAM8795211	NCI-H1975 (MB)	Female	NA	FALSE	0.606877558	0.484708333	-0.350418444	-0.199577702	-0.312454891	WT	WT	ALT	WT	ALT	MES	-0.5536257	-0.983639713	0.715216502
SAM8795235	NCI-H1876	Male	NA	FALSE	0.612030532	0.106735467	-0.185653295	-0.357187322	-0.650472282	WT	WT	WT	WT	WT	unclassified	-0.718643381	-0.054661588	-0.144278438
SAM9978242	NCI-H2596	NA	NA	FALSE	0.619548098	-0.016528714	-0.457368759	-0.45800789	-0.385310123	WT	WT	WT	WT	WT	MES	0.233497418	0.087580964	0.642592524
SAM636829	DMS 79	NA	NA	FALSE	0.654617549	-0.006894297	-0.326288765	0.46129172	-0.988590579	WT	WT	ALT	WT	ALT	PRO	-1.8098263	1.151181508	0.742880197
SAM636766	NCI-H2373	NA	NA	FALSE	0.663942629	0.479610523	-0.452836784	-0.494905835	-0.384847498	WT	WT	WT	ALT	ALT	unclassified	0.357489087	0.041616321	0.631125116
SAM635619	A549	Male	NA	FALSE	0.670599326	-0.306861344	0.691164202	-0.027580921	-0.055360394	ALT	ALT	WT	ALT	ALT	unclassified	0.313015577	0.02429794	-0.519381461
SAM635645	NCI-H460	Male	Q61H	TRUE	0.713819566	-0.609404147	-0.356162743	0.646885256	0.747365443	ALT	ALT	WT	ALT	ALT	PRO	0.235694147	0.547977515	-1.187749951
SAM639189	NCI-H2596	NA	NA	FALSE	0.726806466	0.270825735	-0.449205151	-0.278858262	-0.327259492	WT	WT	WT	WT	WT	MES	0.297712291	0.064170237	0.666665181
SAM636805	NCI-H2804	NA	NA	FALSE	0.741714198	0.175096298	-0.394046323	-0.303762638	-0.128109826	WT	WT	ALT	WT	ALT	MUC	0.652671499	0.11964044	-0.099033325
SAM639201	NCI-H460 GDC-0941RS	Male	NA	FALSE	0.754160917	-1.181343855	-0.430238737	0.303452377	0.127152628	WT	WT	WT	ALT	ALT	unclassified	0.14093329	0.324400285	-1.182733908
SAM636444	HCC2885	NA	NA	FALSE	0.774765336	0.453649721	-0.436754425	-0.428602092	0.394178092	WT	WT	WT	ALT	WT	MUC	0.385396766	-0.154902415	-0.091949112
SAM636772	NCI-H1623	Male	NA	FALSE	0.783131143	0.201683547	-0.017811901	0.426914712	0.140839606	ALT	ALT	WT	ALT	ALT	PRO	-0.119059915	0.594362018	0.186215018
SAM636810	NCI-H2171	Male	NA	FALSE	0.808897912	0.642270821	-0.434339558	0.024174906	-1.397447258	WT	WT	ALT	WT	ALT	PRO	-0.411752623	0.767761612	0.453353848
SAM636824	NCI-H1648	Male	NA	FALSE	0.825979961	1.174897469	-0.297922364	-0.113725816	0.63381876	WT	WT	ALT	ALT	ALT	MES	-0.784790518	-1.505132808	0.85145449
SAM635639	NCI-H2126	Male	NA	FALSE	0.828082892	-2.443898971	0.29174509	0.266335765	0.142150113	WT	ALT	ALT	ALT	ALT	MUC	0.902303239	-0.95172216	-0.635370997
SAM587535	H1373	Male	NA	FALSE	0.864332862	0.711086266	0.111348975	-0.191815	0.867112781	WT	WT	WT	WT	ALT	MES	0.119731119	-1.559801851	0.449269735
SAM588236	H2198	Male	NA	FALSE	0.870256832	0.334501978	-0.145260632	0.096961749	-0.138104858	WT	WT	ALT	WT	ALT	PRO	-2.010909995	1.31976476	-0.340477967
SAM639176	NCI-H510A	Male	NA	FALSE	0.870470527	-0.898016958	-0.145481864	0.29123177	-0.440066995	WT	WT	ALT	WT	ALT	PRO	-1.54338585	1.788900528	-0.328048696
SAM587536	H1573	NA	G12A	TRUE	0.881820974	-0.602948533	-0.011112049	0.290863128	0.498266917	ALT	ALT	ALT	WT	ALT	MUC	0.512267575	-0.332254655	-1.001536962
SAM635632	NCI-H1299	Male	MUTATED	TRUE	0.894673049	0.078462794	-0.449547977	-0.161392537	0.27615757	WT	WT	WT	WT	WT	MES	-0.052909047	0.036659881	0.563973246
SAM636759	LXFL529	NA	NA	FALSE	0.903168164	-0.558814332	-0.452293776	-0.365729098	0.739700205	WT	WT	ALT	WT	WT	unclassified	0.286458597	0.279407407	-0.12673467
SAM639202	NCI-H460 GDC-0941RF	Male	NA	FALSE	0.909964936	-1.023778558	-0.423010144	0.311859674	0.214367684	WT	WT	WT	ALT	ALT	PRO	0.086264699	0.411367147	-1.058057487
SAM636763	NCI-H2369	NA	NA	FALSE	0.927929391	-5.427597117	-0.445188574	-0.196178124	0.023033932	ALT	WT	WT	ALT	ALT	MES	0.217080647	-0.176406958	0.664695352
SAM635980	VMRC-LCD	Male	NA	FALSE	0.947623613	-1.094571198	-0.071101639	-0.074365922	-1.14843779	WT	WT	ALT	ALT	WT	unclassified	1.048766405	1.054319645	-0.779134762
SAM587565	NCI-H1944	Female	G13D	TRUE	0.972659173	-0.767993727	1.252133432	0.918197806	-0.039544148	WT	ALT	WT	ALT	WT	MUC	1.447896323	0.930583665	-0.767957179
SAM587557	NCI-H1650	Male	NA	FALSE	0.986238706	-1.094641901	-0.367678693	-0.233981067	-0.624940426	WT	WT	ALT	ALT	WT	MES	0.494064238	-1.026582877	1.130570421
SAM587577	NCI-H23	Male	G12C	TRUE	0.98861776	-1.71649503	-0.429636466	0.016783729	0.185083511	ALT	ALT	ALT	WT	ALT	MES	-0.12094997	0.338922758	0.668982782
SAM636136	NCI-H146	Male	NA	FALSE	0.993622789	-1.047217663	-0.436938854	-0.191688146	-0.333547277	WT	WT	ALT	WT	WT	PRO	0.068461226	1.382829147	-0.258489089
SAM587596	RERF-LC-MS	NA	NA	FALSE	1.014126382	-5.429993936	-0.422810491	0.037900143	0.164578675	ALT	ALT	ALT	WT	WT	PRO	-0.788191523	0.407395919	0.044118077
SAM9978241	NCI-H2691	NA	NA	FALSE	1.015475392	0.86852026	-0.451429456	-0.400520755	-0.506193466	WT	WT	WT	WT	WT	unclassified	0.532852271	-0.218812593	0.366115953
SAM635638	NCI-H2122	Female	G12C	TRUE	1.029275078	-2.182113119	2.108715426	0.615261373	0.411615296	ALT	WT	ALT	ALT	ALT	MUC	1.553175223	-1.309169261	-1.813143756
SAM639228	Calu-1	Female	G12C	TRUE	1.034524395	0.864132205	-0.369154736	-0.576952267	0.676751776	WT	ALT	WT	WT	WT	MES	0.248815607	-0.207543703	0.556507915
SAM587551	NCI-H1048	Female	K5Nfs*4	TRUE	1.062139334	0.616387076	0.072872536	-0.323872992	-0.741918966	ALT	WT	ALT	WT	WT	unclassified	0.063436024	0.32279836	0.181227769
SAM587528	Calu-6	Female	Q61K	TRUE	1.069096194	-0.03054191	-0.370549163	-0.135271393	1.538269042	WT	WT	ALT	WT	ALT	MUC	0.406373591	0.02128323	-0.392445431
SAM587598	SK-MES-1	Male	NA	FALSE	1.073816358	-0.333884519	0.505121922	-0.059166346	0.439670379	WT	WT	ALT	WT	WT	MUC	0.50858547	-0.384819466	0.054317121
SAM635637	NCI-H2073	Female	NA	FALSE	1.093659914	-2.409304051	1.238393579	0.780192834	0.6622427	ALT	WT	ALT	WT	ALT	MUC	1.035521639	-0.282574797	-0.337304685
SAM9978238	NCI-H2795	NA	NA	FALSE	1.141706895	-3.341385283	-0.199907684	-0.249596729	-0.245297969	ALT	WT	WT	ALT	WT	unclassified	0.289166005	0.01592755	-0.397016934
SAM587569	NCI-H2030	Male	G12C	TRUE	1.214285339	-2.606529287	-0.203844293	0.219356919	0.262833764	ALT	ALT	ALT	WT	ALT	PRO	-0.293575478	0.912218086	-0.038037196
SAM587563	NCI-H1793	Female	NA	FALSE	1.228109834	-0.907104167	-0.427082543	-0.242919538	-0.55200447	WT	ALT	ALT	ALT	ALT	MES	-0.624549339	0.430338041	0.959003226
SAM639190	NCI-H2795	NA	NA	FALSE	1.322761332	-2.866941085	0.09766329	-0.053625237	0.028412812	ALT	WT	WT	ALT	WT	unclassified	0.262919892	0.052657192	-0.343661162
SAM587538	H1792	Male	NA	FALSE	1.351960801	-0.589776418	-0.433206263	-0.268488182	0.548405536	WT	WT	WT	WT	ALT	unclassified	0.223662663	-0.263299486	0.400199269
SAM636776	NCI-H889	Female	G12Vfs*3	TRUE	1.369379205	1.173655317	0.201982392	0.240412339	-0.378023703	WT	WT	ALT	WT	ALT	PRO	-1.717697504	0.797978424	-0.625889014
SAM636139	NCI-H446	Male	NA	FALSE	1.473933864	0.806133835	-0.122814009	0.007613819	-0.635235992	WT	WT	ALT	WT	ALT	PRO	-0.27807142	0.722390833	-0.434356262
SAM636787	DV-90	Male	G13D	TRUE	1.489294413	0.421075976	0.063859357	0.151071366	-0.008805599	WT	WT	WT	WT	ALT	MUC	2.207730297	-0.746637529	-1.1859691
SAM635622	HCC2279	Female	NA	FALSE	1.494178041	1.53047633	-0.436719076	-0.100010816	0.129881504	ALT	WT	ALT	WT	ALT	MES	-0.146549266	-0.385301747	0.62840769
SAM636071	NCI-H727 (ATCC)	Female	G12V	TRUE	1.528992906	-0.601495766	1.177303934	0.316133505	1.090630044	WT	ALT	ALT	WT	ALT	MUC	1.465293361	0.055852405	-1.406219769
SAM636134	ChaGo-K-1	Male	NA	FALSE	1.537060807	-0.493789407	-0.327349904	-0.093287606	-0.589101758	ALT	WT	ALT	WT	WT	PRO	0.19706289	0.556489363	-0.206576327
SAM636857	COR-L26	Female	NA	FALSE	1.5701851	0.224075707	-0.010147461	-0.562247145	-0.720363151	WT	WT	WT	WT	ALT	unclassified	0.20288151	-0.083364301	0.328083703
SAM636803	NCI-H2803	NA	NA	FALSE	1.589079025	1.418961077	-0.437455436	-0.297125773	-0.417297741	WT	WT	WT	ALT	WT	MUC	0.583707813	-0.151029863	0.245306494
SAM636767	NCI-H2452	NA	NA	FALSE	1.611477284	0.453417585	-0.455047572	-0.307708066	-0.694648241	WT	ALT	WT	ALT	WT	unclassified	0.461442555	-0.01024096	0.542352221
SAM636841	COR-L279	Male	NA	FALSE	1.614432396	0.798722863	-0.417098688	0.498190665	-0.780864397	WT	WT	ALT	WT	ALT	PRO	-1.010644724	1.044375898	0.056015097
SAM636869	UMC-11	NA	NA	FALSE	1.629742783	-2.254957441	0.348470045	0.643251339	-0.109765379	WT	ALT	ALT	ALT	WT	PRO	0.40279188	1.810444766	-1.800661401
SAM636751	LXF-289	Male	NA	FALSE	1.64777992	-4.91374869	-0.232840361	-0.155680687	-0.190219452	WT	ALT	ALT	WT	ALT	MUC	0.595505515	0.127390682	-0.52593575
SAM8795219	NCI-H1339	Female	G12R	TRUE	1.680153405	0.056229758	-0.456509138	-0.041965604	0.18256262	WT	ALT	ALT	WT	WT	MES	0.003204063	-0.176439283	0.366729507
SAM635621	H322T	NA	NA	FALSE	1.833269468	0.087413439	-0.421459523	-0.068322415	0.146825592	WT	ALT	ALT	ALT	ALT	unclassified	0.189241791	-0.859170066	-0.533730095
SAM636804	NCI-H2722	NA	NA	FALSE	1.84646019	0.500941444	-0.432646771	-0.404817445	0.133244085	WT	WT	ALT	ALT	ALT	unclassified	0.026531779	-0.123664329	0.270768699
SAM636445	NCI-H1915	Female	NA	FALSE	1.863420051	-2.050435662	-0.428442473	0.10425866	0.361280777	ALT	ALT	ALT	ALT	ALT	unclassified	-0.154298685	-0.632070758	0.150393741
SAM636070	NCI-H322T	NA	NA	FALSE	1.863807362	0.278926499	-0.398705174	-0.285877017	0.374014176	WT	ALT	ALT	ALT	ALT	unclassified	0.279419587	-1.327572655	-0.426492936
SAM636789	DMS 273	Female	NA	FALSE	1.868039917	0.839048025	-0.45286173	-0.20050085	-0.750243508	WT	WT	ALT	WT	ALT	unclassified	-0.214272518	0.340093791	0.238782813
SAM636135	HCC44	Female	G12C	TRUE	1.967920367	-0.264957352	-0.137919915	-0.282356845	0.30356554	ALT	ALT	ALT	WT	ALT	MUC	0.487448107	-0.265879144	-0.474012797
SAM635635	NCI-H1975 (IVCC)	Female	NA	FALSE	2.021263412	0.497785342	-0.406548812	-0.18905777	-0.020027177	WT	WT	ALT	WT	ALT	MES	-0.255144309	-0.842761003	0.94008652
SAM636137	NCI-H2110	NA	NA	FALSE	2.029109033	-2.401301083	1.822204859	0.543783442	0.286775305	WT	ALT	ALT	WT	ALT	unclassified	0.177152962	-0.232550683	-1.160722867
SAM636750	NCI-H2023	Male	G10Efs*5	TRUE	2.071372235	-5.079758273	0.131955778	0.142785719	-0.092110531	WT	ALT	ALT	ALT	WT	unclassified	0.67885829	0.491026538	-0.550448403
SAM635646	NCI-H520	Male	NA	FALSE	2.121496405	1.138446708	-0.245753343	-0.123438291	0.082882251	WT	WT	ALT	WT	WT	PRO	0.371541602	0.774836803	-0.590535939
SAM637174	BEN	Male	NA	FALSE	2.552265554	0.175890143	0.259701285	0.319027218	0.173491822	WT	ALT	ALT	WT	ALT	PRO	0.850156351	1.612900402	-1.542901589
SAM635640	NCI-H2228	Female	NA	FALSE	2.87193673	1.504982788	0.806623961	-0.043037665	0.573526872	WT	ALT	ALT	ALT	ALT	MES	-0.10045481	-0.832505731	1.150875081