"gCGC ID"	"TARGET_NAME"	"TARGET_CLASS"	"MUC.corrSpearman"	"PRO.corrSpearman"	"MES.corrSpearman"
"gCGC00001"	"COX-2, COX-1"	"Other Enzyme"	0.295726495726496	-0.193162393162393	-0.304615384615385
"gCGC00002"	"Microtubule"	"Other non-Enzyme"	0.224615384615385	-0.31965811965812	-0.15008547008547
"gCGC00003"	"Topoisomerase II"	"Other Enzyme"	0.0885470085470085	-0.137094017094017	-0.370940170940171
"gCGC00004"	"Microtubule"	"Other non-Enzyme"	0.194529914529915	-0.0714529914529914	-0.357264957264957
"gCGC00005"	"Microtubule"	"Other non-Enzyme"	0.202735042735043	-0.254017094017094	-0.223247863247863
"gCGC00006"	"Microtubule"	"Other non-Enzyme"	0.0741880341880342	0.0317948717948718	-0.0352136752136752
"gCGC00007"	"Topoisomerase I"	"Other Enzyme"	0.261538461538461	-0.0345299145299145	-0.150769230769231
"gCGC00008"	"Topoisomerase II"	"Other Enzyme"	0.0379487179487179	-0.325811965811966	-0.278632478632479
"gCGC00009"	"DNA synthesis"	"Other Enzyme"	-0.208888888888889	-0.171282051282051	0.275897435897436
"gCGC00011"	"Microtubule"	"Other non-Enzyme"	0.148717948717949	-0.327863247863248	0.0536752136752137
"gCGC00012"	"Sarco/ER Ca2+ ATPase"	"Transporter"	-0.296410256410256	-0.0796581196581197	-0.0694017094017094
"gCGC00013"	"EGFR"	"Kinase (Tyr)"	-0.0776068376068376	0.604102564102564	-0.236239316239316
"gCGC00014"	"EGFR"	"Kinase (Tyr)"	-0.122735042735043	0.645811965811966	-0.196581196581197
"gCGC00015"	"ErbB4, ErbB2, EGFR"	"Kinase (Tyr)"	-0.299145299145299	0.282735042735043	-0.243760683760684
"gCGC00016"	"Unknown"	"Undefined"	0.0413675213675214	-0.271794871794872	-0.221196581196581
"gCGC00017"	"VEGFR, PDGFR, Kit"	"Kinase (Tyr)"	-0.132307692307692	-0.283418803418803	0.251965811965812
"gCGC00018"	"Ret, KDR, EGFR"	"Kinase (Tyr)"	-0.253333333333333	0.304615384615385	-0.215726495726496
"gCGC00019"	"20S Proteasome"	"Protease"	0.294358974358974	0.0495726495726496	-0.457094017094017
"gCGC00020"	"Aurora_B, Aurora_A"	"Kinase (Ser/Thr)"	0.0611965811965812	-0.18017094017094	0.165128205128205
"gCGC00021"	"B-Raf, PDGFR, KDR"	"Kinase (Ser/Thr), Kinase (Tyr)"	-0.381880341880342	-0.134358974358974	-0.094017094017094
"gCGC00022"	"PDGFR, Kit, KDR"	"Kinase (Tyr)"	-0.243076923076923	-0.0194871794871795	0.0905982905982906
"gCGC00023"	"SMO"	"Other non-Enzyme"	-0.154188034188034	0.307350427350427	0.281367521367521
"gCGC00024"	"B-Raf"	"Kinase (Ser/Thr)"	-0.0427350427350427	0.53025641025641	-0.215726495726496
"gCGC00025"	"AKT2, AKT1"	"Kinase (Ser/Thr)"	-0.154188034188034	-0.156923076923077	0.0372649572649573
"gCGC00026"	"Aurora_B"	"Kinase (Ser/Thr)"	-0.31965811965812	-0.0926495726495726	0.22051282051282
"gCGC00027"	"ErbB2, EGFR"	"Kinase (Tyr)"	-0.208205128205128	0.411965811965812	-0.105641025641026
"gCGC00029"	"multi-Kinase"	"Kinase (Tyr)"	-0.221196581196581	0.0926495726495726	-0.0926495726495726
"gCGC00030"	"multi-CDK"	"Kinase (Ser/Thr)"	-0.113846153846154	0.19042735042735	-0.00376068376068376
"gCGC00031"	"Unknown"	"Undefined"	0.241709401709402	-0.191111111111111	0.0112820512820513
"gCGC00032"	"Bcl-xL, Bcl-2"	"Other non-Enzyme"	-0.014017094017094	-0.355897435897436	0.204102564102564
"gCGC00033"	"g-Secretase"	"Protease"	-0.303247863247863	0.127521367521368	0.0577777777777778
"gCGC00034"	"multi-Kinase"	"Kinase (Tyr)"	-0.00854700854700855	-0.446153846153846	0.0960683760683761
"gCGC00035"	"MEK2, MEK1"	"Kinase (Ser/Thr)"	-0.381880341880342	0.567179487179487	0.23965811965812
"gCGC00036"	"PARP2, PARP1"	"Other Enzyme"	0.141196581196581	-0.00991452991452991	-0.0126495726495726
"gCGC00037"	"PI3K-A"	"Kinase (Lipid)"	-0.249230769230769	0.179487179487179	-0.280683760683761
"gCGC00038"	"AKT2, AKT1"	"Kinase (Ser/Thr)"	0.0782905982905983	0.0153846153846154	-0.305299145299145
"gCGC00039"	"PLK1"	"Kinase (Ser/Thr)"	-0.0721367521367521	-0.317606837606838	0.15008547008547
"gCGC00040"	"p38 MAPK"	"Kinase (Ser/Thr)"	-0.243076923076923	-0.0666666666666667	-0.15008547008547
"gCGC00041"	"Aurora_A"	"Kinase (Ser/Thr)"	-0.011965811965812	0.213675213675214	-0.055042735042735
"gCGC00042"	"JAK"	"Kinase (Tyr)"	0.0830769230769231	0.131623931623932	0.344273504273504
"gCGC00043"	"p38 MAPK"	"Kinase (Ser/Thr)"	0.121367521367521	-0.481025641025641	-0.122051282051282
"gCGC00044"	"PI3K, mTOR"	"Kinase (Lipid), Kinase (Ser/Thr)"	-0.28	-0.189059829059829	-0.0536752136752137
"gCGC00045"	"Aurora_B"	"Kinase (Ser/Thr)"	-0.0769230769230769	-0.0434188034188034	0.127521367521368
"gCGC00046"	"FGFR, KDR"	"Kinase (Tyr)"	-0.0167521367521367	-0.433162393162393	0.280683760683761
"gCGC00047"	"IAP"	"Other non-Enzyme"	0.0700854700854701	-0.377094017094017	0.358632478632479
"gCGC00048"	"PI3K-D"	"Kinase (Lipid)"	-0.107008547008547	-0.0311111111111111	-0.175384615384615
"gCGC00049"	"ROS1, Met, ALK"	"Kinase (Ser/Thr), Kinase (Tyr)"	-0.311452991452991	0.505641025641026	-0.0625641025641026
"gCGC00050"	"Cerebulin"	"Other Enzyme"	0.11042735042735	-0.237606837606838	0.310769230769231
"gCGC00051"	"IAP"	"Other non-Enzyme"	-0.165811965811966	-0.16034188034188	0.312820512820513
"gCGC00052"	"p53/MDM2"	"Other non-Enzyme"	-0.042051282051282	-0.534358974358974	0.327179487179487
"gCGC00053"	"JAK, JAK3, JAK2"	"Kinase (Tyr)"	0.237606837606838	0.0427350427350427	0.262222222222222
"gCGC00054"	"B-Raf"	"Kinase (Ser/Thr)"	0.122051282051282	-0.176068376068376	0.217094017094017
"gCGC00055"	"PARP2, PARP1"	"Other Enzyme"	-0.0153846153846154	-0.0352136752136752	0.147350427350427
"gCGC00056"	"PARP2, PARP1"	"Other Enzyme"	0.179487179487179	-0.0461538461538461	-0.0352136752136752
"gCGC00057"	"multi-CDK"	"Kinase (Ser/Thr)"	-0.0447863247863248	0.0509401709401709	0.13025641025641
"gCGC00058"	"CHK1"	"Kinase (Ser/Thr)"	-0.0714529914529914	0.102222222222222	-0.00991452991452991
"gCGC00059"	"CHK1"	"Kinase (Ser/Thr)"	-0.143247863247863	-0.0147008547008547	-0.130940170940171
"gCGC00060"	"MEK2, MEK1"	"Kinase (Ser/Thr)"	-0.419487179487179	0.58974358974359	0.0605128205128205
"gCGC00061"	"ALK"	"Kinase (Tyr)"	0.0215384615384615	0.196581196581197	-0.362735042735043
"gCGC00062"	"MEK2, MEK1"	"Kinase (Ser/Thr)"	-0.312136752136752	0.611623931623932	0.133675213675214
"gCGC00063"	"Syk"	"Kinase (Tyr)"	-0.00649572649572649	0.0447863247863248	0.0365811965811966
"gCGC00064"	"Src"	"Kinase (Tyr)"	-0.238974358974359	-0.179487179487179	0.247863247863248
"gCGC00065"	"Bcl-xL, Bcl-2"	"Other non-Enzyme"	-0.101538461538462	-0.151452991452991	0.0782905982905983
"gCGC00066"	"Met"	"Kinase (Tyr)"	-0.0830769230769231	-0.0290598290598291	-0.298461538461538
"gCGC00067"	"JAK"	"Kinase (Tyr)"	0.0235897435897436	-0.311452991452991	0.344273504273504
"gCGC00068"	"MEK2, MEK1"	"Kinase (Ser/Thr)"	-0.117264957264957	-0.0345299145299145	0.397606837606838
"gCGC00069"	"PDGFR, Kit"	"Kinase (Tyr)"	0.0646153846153846	0.195897435897436	0.0194871794871795
"gCGC00070"	"COX-2, COX-1"	"Other Enzyme"	-0.128888888888889	-0.0994871794871795	0.0830769230769231
"gCGC00071"	"G6PD"	"Other Enzyme"	-0.175384615384615	-0.0625641025641026	0.424957264957265
"gCGC00072"	"JAK2, JAK1"	"Kinase (Tyr)"	0.156923076923077	0.107692307692308	0.0352136752136752
"gCGC00073"	"Ras"	"GTPase"	-0.175384615384615	-0.15008547008547	-0.00854700854700855
"gCGC00074"	"TLR7"	"Other non-Enzyme"	-0.101538461538462	0.231452991452991	0.00717948717948718
"gCGC00075"	"B-Raf"	"Kinase (Ser/Thr)"	-0.154188034188034	0.0871794871794872	-0.167863247863248
"gCGC00076"	"mTOR"	"Kinase (Ser/Thr)"	-0.0147008547008547	-0.15008547008547	-0.201367521367521
"gCGC00076"	"mTOR"	"Kinase (Ser/Thr)"	-0.0358974358974359	-0.230769230769231	-0.124102564102564
"gCGC00077"	"Bcl-2"	"Other non-Enzyme"	0.122735042735043	-0.255384615384615	-0.0871794871794872
"gCGC00079"	"JAK"	"Kinase (Tyr)"	-0.104957264957265	0.307350427350427	0.433162393162393
"gCGC00080"	"DNA"	"DNA"	-0.163760683760684	0.109059829059829	0.238290598290598
"gCGC00081"	"DNA synthesis"	"Other Enzyme"	-0.323760683760684	0.16991452991453	-0.0707692307692308
"gCGC00082"	"PIM"	"Kinase (Ser/Thr)"	0.224615384615385	-0.464615384615385	-0.100854700854701
"gCGC00083"	"CHK1"	"Kinase (Ser/Thr)"	-0.143247863247863	-0.20957264957265	0.276581196581197
"gCGC00084"	"K+ channel"	"Ion Channel"	-0.124102564102564	-0.448205128205128	0.394188034188034
"gCGC00085"	"Flt3"	"Kinase (Tyr)"	-0.246495726495726	-0.344273504273504	0.244444444444444
"gCGC00086"	"Hexokinase"	"Other Enzyme"	-0.0714529914529914	-0.156239316239316	0.357948717948718
"gCGC00087"	"p38 MAPK"	"Kinase (Ser/Thr)"	-0.191794871794872	0.0584615384615385	0.117948717948718
"gCGC00088"	"AKT2, AKT1"	"Kinase (Ser/Thr)"	-0.327179487179487	0.0769230769230769	-0.163076923076923
"gCGC00089"	"CTP"	"Other Enzyme"	-0.0700854700854701	0.251282051282051	0.263589743589744
"gCGC00090"	"Eg5"	"Other Enzyme"	0.651965811965812	-0.365470085470085	-0.0933333333333333
"gCGC00092"	"PI3K-A"	"Kinase (Lipid)"	-0.338803418803419	0.293675213675214	-0.232820512820513
"gCGC00093"	"SphK"	"Other Enzyme"	0.103589743589744	-0.204786324786325	0.120683760683761
"gCGC00094"	"RIPK1"	"Kinase (Ser/Thr)"	0.119316239316239	-0.0181196581196581	0.297094017094017
"gCGC00095"	"PF-3758309"	"multi-PAK"	-0.262222222222222	0.00102564102564103	0.155555555555556
"gCGC00096"	"PDGFR, Kit"	"Kinase (Tyr)"	-0.252649572649573	-0.19042735042735	0.293675213675214
"gCGC00097"	"IKK_beta"	"Kinase (Ser/Thr)"	-0.0953846153846154	-0.188376068376068	0.326495726495727
"gCGC00098"	"CHK1"	"Kinase (Ser/Thr)"	-0.0468376068376068	-0.102222222222222	0.0427350427350427
"gCGC00099"	"PI3K-D"	"Kinase (Lipid)"	0.00307692307692308	-0.00923076923076923	-0.222564102564103
"gCGC00100"	"ROCK2, ROCK1"	"Kinase (Ser/Thr)"	-0.124102564102564	-0.0386324786324786	0.175384615384615
"gCGC00101"	"IRE1"	"Kinase (Ser/Thr)"	0.0803418803418803	-0.0235897435897436	-0.478290598290598
"gCGC00102"	"SMO"	"Other non-Enzyme"	-0.328547008547008	-0.184957264957265	0.177435897435897
"gCGC00103"	"BRPF1"	"bromo"	0.081025641025641	-0.556923076923077	0.205470085470085
"gCGC00104"	"bisphosphonate"	"Other non-Enzyme"	0.406495726495726	-0.0878632478632479	-0.323760683760684
"gCGC00105"	"p38 MAPK"	"Kinase (Ser/Thr)"	-0.0112820512820513	-0.136410256410256	-0.193846153846154
"gCGC00106"	"CerK"	"Other Enzyme"	-0.0646153846153846	-0.101538461538462	0.115213675213675
"gCGC00107"	"NRF2"	"Transcription factor"	0.167179487179487	-0.34017094017094	-0.103589743589744
"gCGC00108"	"PPAR-gamma"	"NHR"	0.29982905982906	-0.0639316239316239	0.144615384615385
"gCGC00109"	"PDE5"	"Phosphodiesterase"	0.078974358974359	-0.412649572649573	0.181538461538462
"gCGC00110"	"Unknown"	"Undefined"	-0.446837606837607	0.348376068376068	0.472820512820513
"gCGC00111"	"CLK4, CLK1"	"Kinase (Ser/Thr)"	-0.0564102564102564	-0.428376068376068	0.204102564102564
"gCGC00112"	"SIRT1"	"Protein Deacetylase"	0.165811965811966	-0.128205128205128	-0.398290598290598
"gCGC00113"	"Antioxidant"	"Undefined"	0.327179487179487	-0.221196581196581	0.245811965811966
"gCGC00114"	"SCD1"	"Other Enzyme"	-0.0926495726495726	0.0769230769230769	0.243076923076923
"gCGC00115"	"IKK_epsilon, PDK, TBK1, IKK_alpha"	"Kinase (Ser/Thr)"	-0.311452991452991	-0.204786324786325	0.171965811965812
"gCGC00116"	"multi-Kinase"	"Kinase (Tyr)"	-0.0694017094017094	0.225982905982906	-0.0714529914529914
"gCGC00117"	"PI3K-A"	"Kinase (Lipid)"	0.0311111111111111	-0.571282051282051	0.184957264957265
"gCGC00118"	"multi-Kinase"	"Kinase (Tyr)"	-0.262222222222222	0.181538461538462	0.114529914529915
"gCGC00119"	"DNA-PK"	"Kinase (Ser/Thr)"	-0.154871794871795	0.195897435897436	-0.204102564102564
"gCGC00120"	"DAG kinase"	"Kinase (Lipid)"	-0.230769230769231	0.0235897435897436	-0.0885470085470085
"gCGC00121"	"Met"	"Kinase (Tyr)"	-0.28	-0.10017094017094	0.165811965811966
"gCGC00122"	"multi-Kinase"	"Kinase (Tyr)"	-0.325811965811966	-0.0755555555555555	0.0673504273504273
"gCGC00123"	"ATR, ATM"	"Kinase (Ser/Thr)"	-0.275897435897436	-0.177435897435897	-0.0632478632478632
"gCGC00124"	"ALK6, ALK3, ALK2"	"Kinase (Ser/Thr)"	-0.363418803418803	0.0242735042735043	0.264273504273504
"gCGC27564"	"N/A"	"N/A"	0.0988034188034188	-0.107008547008547	-0.51042735042735
"gCGC00125"	"CDK4"	"Kinase (Ser/Thr)"	0.24034188034188	-0.463931623931624	0.174017094017094
"gCGC00126"	"multi-Kinase"	"Kinase (Tyr)"	-0.268376068376068	-0.241025641025641	0.72034188034188
"gCGC00129"	"multi-CDK"	"Kinase (Ser/Thr)"	-0.163760683760684	-0.0386324786324786	0.393504273504273
"gCGC00130"	"ATM"	"Kinase (Ser/Thr)"	-0.184957264957265	-0.184957264957265	0.185641025641026
"gCGC00131"	"L-type calcium channel"	"Ion Channel"	-0.0687179487179487	-0.423589743589744	0.10974358974359
"gCGC00132"	"mTOR"	"Kinase (Ser/Thr)"	-0.147350427350427	-0.168547008547009	-0.0837606837606838
"gCGC00133"	"Aurora_B, Aurora_A"	"Kinase (Ser/Thr)"	-0.171282051282051	-0.0646153846153846	0.0536752136752137
"gCGC00134"	"IKK_beta"	"Kinase (Ser/Thr)"	-0.378461538461538	0.00444444444444444	0.152820512820513
"gCGC00135"	"GAGAa"	"Other non-Enzyme"	-0.0864957264957265	-0.286837606837607	-0.16991452991453
"gCGC00136"	"PPAR-gamma"	"NHR"	-0.04	0.117948717948718	-0.12957264957265
"gCGC00137"	"AMPK"	"Kinase (Ser/Thr)"	-0.375726495726496	0.316923076923077	0.247179487179487
"gCGC00138"	"DHFR"	"Other Enzyme"	0.128888888888889	-0.377094017094017	0.251965811965812
"gCGC00139"	"PDE"	"Phosphodiesterase"	-0.0721367521367521	-0.0598290598290598	0.314188034188034
"gCGC00140"	"BAR"	"GPCR"	-0.19042735042735	-0.0509401709401709	0.0215384615384615
"gCGC00141"	"ADH"	"Other Enzyme"	0.117948717948718	-0.250598290598291	-0.191794871794872
"gCGC00143"	"GR"	"NHR"	-0.131623931623932	-0.0988034188034188	0.473504273504273
"gCGC00144"	"ER"	"NHR"	0.0208547008547009	-0.146666666666667	0.042051282051282
"gCGC00145"	"GAPDH"	"Other Enzyme"	-0.0311111111111111	0.382564102564103	-0.27042735042735
"gCGC00146"	"K+ channel"	"Ion Channel"	-0.497435897435897	0.545982905982906	-0.18017094017094
"gCGC00148"	"Cerebulin"	"Other Enzyme"	-0.231452991452991	0.169230769230769	0.26974358974359
"gCGC00149"	"PPAR-alpha"	"NHR"	-0.000341880341880342	-0.143247863247863	-0.150769230769231
"gCGC00150"	"Unknown"	"Undefined"	-0.381880341880342	0.116581196581197	0.0967521367521367
"gCGC00151"	"Norepinephrine reuptake"	"Transporter"	-0.0899145299145299	-0.0167521367521367	0.448888888888889
"gCGC00153"	"PPAR"	"NHR"	0.0304273504273504	0.174700854700855	0.00307692307692308
"gCGC00154"	"DNA polymerase"	"Other Enzyme"	-0.416068376068376	0.152820512820513	0.0379487179487179
"gCGC00155"	"GR"	"NHR"	-0.128888888888889	-0.130940170940171	0.442735042735043
"gCGC00156"	"Progesterone Receptor"	"NHR"	-0.561025641025641	0.00102564102564103	0.342905982905983
"gCGC00158"	"SIRT1"	"Protein Deacetylase"	-0.0181196581196581	-0.272478632478632	0.288205128205128
"gCGC00159"	"HMG-CoA reductase"	"Other Enzyme"	0.197948717948718	-0.027008547008547	-0.00512820512820513
"gCGC00160"	"autophagy"	"Undefined"	0.208888888888889	-0.202051282051282	-0.0652991452991453
"gCGC00161"	"IMPDH"	"Other Enzyme"	-0.142564102564103	-0.121367521367521	0.0933333333333333
"gCGC00162"	"GR"	"NHR"	-0.167863247863248	-0.0153846153846154	0.37025641025641
"gCGC00163"	"COX-2, COX-1"	"Other Enzyme"	0.00717948717948718	-0.379145299145299	-0.0598290598290598
"gCGC00164"	"Iron chelation"	"Other non-Enzyme"	-0.483076923076923	0.368888888888889	0.144615384615385
"gCGC00166"	"DNA"	"DNA"	0.292991452991453	-0.100854700854701	-0.0215384615384615
"gCGC00167"	"ER"	"NHR"	-0.0290598290598291	-0.115897435897436	0.187008547008547
"gCGC00168"	"PLC, Guanylyl Cyclase"	"Phospholipase, Other Enzyme"	0.161025641025641	-0.38051282051282	-0.143931623931624
"gCGC00170"	"GR"	"NHR"	-0.0871794871794872	0.00717948717948718	0.401709401709402
"gCGC00171"	"SSRI"	"Transporter"	-0.201367521367521	-0.174700854700855	0.317606837606838
"gCGC00172"	"Aromatase"	"Other Enzyme"	-0.112478632478632	-0.169230769230769	0.0447863247863248
"gCGC00174"	"Proton Pump"	"Transporter"	0.0864957264957265	-0.342905982905983	0.135042735042735
"gCGC00175"	"DNA"	"DNA"	0.221196581196581	-0.11042735042735	-0.104957264957265
"gCGC00176"	"ACE"	"Other Enzyme"	0.195213675213675	-0.0611965811965812	-0.173333333333333
"gCGC00177"	"Mitochondrial decoupler"	"Undefined"	0.0570940170940171	-0.435213675213675	0.167863247863248
"gCGC00178"	"HMG-CoA reductase"	"Other Enzyme"	0.202735042735043	0.198632478632479	-0.132307692307692
"gCGC00179"	"DNA methyltransferase"	"Other Enzyme"	-0.396239316239316	0.150769230769231	0.170598290598291
"gCGC00180"	"iPLA2 beta"	"Other Enzyme"	0.0105982905982906	0.0112820512820513	0.216410256410256
"gCGC00181"	"NFKB"	"Other non-Enzyme"	-0.0611965811965812	-0.0851282051282051	-0.215726495726496
"gCGC00182"	"GR"	"NHR"	0.0488888888888889	0.0591452991452991	0.424957264957265
"gCGC00184"	"DNA"	"DNA"	0.31965811965812	0.0174358974358974	0.144615384615385
"gCGC00185"	"DNA synthesis"	"Other Enzyme"	-0.148034188034188	0.0229059829059829	-0.0694017094017094
"gCGC00186"	"ODC"	"Other Enzyme"	-0.091965811965812	0.229401709401709	0.152136752136752
"gCGC00187"	"CDK9, CDK2, CDK1"	"Kinase (Ser/Thr)"	-0.0851282051282051	-0.144615384615385	0.115213675213675
"gCGC00188"	"PNMT"	"Other Enzyme"	-0.0153846153846154	-0.0899145299145299	-0.10017094017094
"gCGC00189"	"nNOS, iNOS, eNOS"	"Other Enzyme"	0.232820512820513	-0.20957264957265	0.258119658119658
"gCGC00190"	"DNA synthesis"	"Other non-Enzyme"	0.246495726495726	0.254017094017094	0.00376068376068376
"gCGC00191"	"GluR"	"Ion Channel"	0.0988034188034188	-0.243076923076923	0.212307692307692
"gCGC00192"	"PDE"	"Phosphodiesterase"	0.0926495726495726	0.0858119658119658	0.307350427350427
"gCGC00193"	"Hif1alpha"	"Other Enzyme"	0.241025641025641	0.236923076923077	-0.316923076923077
"gCGC00194"	"HMG-CoA reductase"	"Other Enzyme"	0.0762393162393162	-0.0393162393162393	0.174700854700855
"gCGC00195"	"FLAP"	"Other Enzyme"	-0.21982905982906	-0.392136752136752	0.40991452991453
"gCGC00196"	"eNOS, bNOS"	"Other Enzyme"	0.109059829059829	0.133675213675214	-0.0482051282051282
"gCGC00197"	"LDHA"	"Other Enzyme"	0.256752136752137	-0.308717948717949	0.152136752136752
"gCGC00198"	"Unknown"	"Undefined"	0.472136752136752	-0.117264957264957	-0.280683760683761
"gCGC00199"	"Guanylyl Cyclase"	"Other Enzyme"	-0.0126495726495726	-0.0953846153846154	-0.191794871794872
"gCGC00200"	"Guanylyl Cyclase"	"Other Enzyme"	-0.00512820512820513	-0.0830769230769231	0.155555555555556
"gCGC00201"	"Na+-Glucose Transport"	"Transporter"	-0.309401709401709	-0.210940170940171	0.388717948717949
"gCGC00202"	"Androgen Receptor"	"NHR"	-0.246495726495726	-0.102222222222222	0.364786324786325
"gCGC00203"	"bisphosphonate"	"Other non-Enzyme"	-0.188376068376068	0.435213675213675	0.145299145299145
"gCGC00204"	"NADH-ubiquitone reductase"	"Other Enzyme"	0.0817094017094017	-0.45982905982906	0.189059829059829
"gCGC00205"	"HMT"	"Other Enzyme"	-0.221880341880342	0.128888888888889	0.135042735042735
"gCGC00206"	"HMG-CoA reductase"	"Other Enzyme"	-0.223247863247863	-0.0454700854700855	0.0523076923076923
"gCGC00207"	"Androgen Receptor"	"NHR"	0.158290598290598	-0.148034188034188	-0.119316239316239
"gCGC00208"	"JAK1"	"Kinase (Tyr)"	-0.00786324786324786	-0.184273504273504	0.246495726495726
"gCGC00209"	"LRRK2"	"Kinase (Ser/Thr)"	0.274529914529914	0.125470085470085	0.154188034188034
"gCGC00210"	"p53"	"Other non-Enzyme"	-0.102222222222222	0.408547008547008	-0.055042735042735
"gCGC00211"	"Unknown"	"Undefined"	-0.447521367521367	-0.103589743589744	0.405128205128205
"gCGC00212"	"CPT1b"	"Other Enzyme"	0.107008547008547	0.0147008547008547	0.225982905982906
"gCGC00214"	"CETP"	"Other Enzyme"	0.0817094017094017	-0.212307692307692	0.0242735042735043
"gCGC00215"	"Vitamin K Epoxide Reductase"	"Other Enzyme"	-0.148717948717949	0.185641025641026	0.230769230769231
"gCGC00217"	"Cholinesterase"	"Other Enzyme"	-0.113846153846154	-0.275213675213675	0.0215384615384615
"gCGC00219"	"PDGFR, Kit, Flt3"	"Kinase (Tyr)"	0.0899145299145299	-0.331282051282051	0.463247863247863
"gCGC00220"	"Eg5"	"Other Enzyme"	-0.0960683760683761	-0.282051282051282	0.284102564102564
"gCGC00221"	"PDE"	"Phosphodiesterase"	-0.137777777777778	-0.0304273504273504	0.392136752136752
"gCGC00222"	"Golgi"	"Undefined"	-0.0625641025641026	0.166495726495726	0.102905982905983
"gCGC00223"	"HMG-CoA reductase"	"Other Enzyme"	0.42017094017094	-0.130940170940171	-0.171282051282051
"gCGC00224"	"PPAR-gamma"	"NHR"	-0.0447863247863248	-0.194529914529915	0.316239316239316
"gCGC00225"	"PPAR-gamma"	"NHR"	0.280683760683761	-0.472820512820513	-0.0160683760683761
"gCGC00226"	"Alpha Adrenergic Receptor"	"GPCR"	0.0338461538461538	0.31965811965812	0.0769230769230769
"gCGC00227"	"TrioN RhoGEF"	"GEF"	-0.0598290598290598	-0.0201709401709402	-0.406495726495726
"gCGC00228"	"HDAC"	"Histone Deacetylase"	0.173333333333333	-0.102905982905983	0.0994871794871795
"gCGC00229"	"HDAC"	"Histone Deacetylase"	-0.00923076923076923	0.0454700854700855	0.128888888888889
"gCGC00230"	"COX-2"	"Other Enzyme"	0.15965811965812	-0.299145299145299	-0.04
"gCGC00231"	"Unknown"	"Undefined"	-0.222564102564103	-0.250598290598291	0.378461538461538
"gCGC00232"	"DNA synthesis"	"Other Enzyme"	0.271111111111111	-0.303931623931624	-0.445470085470085
"gCGC00233"	"CDK9, CDK7, CDK2"	"Kinase (Ser/Thr)"	-0.0147008547008547	-0.182905982905983	-0.163760683760684
"gCGC00234"	"CDK6, CDK4"	"Kinase (Ser/Thr)"	-0.313504273504273	0.226666666666667	-0.0673504273504273
"gCGC00236"	"sPLA2"	"Phospholipase"	0.154871794871795	-0.0728205128205128	0.191111111111111
"gCGC00237"	"DPP-4"	"Protease"	-0.122735042735043	-0.354529914529914	0.154871794871795
"gCGC00237"	"DPP-4"	"Protease"	-0.10974358974359	0.128205128205128	0.101538461538462
"gCGC00238"	"H1 Receptor"	"GPCR"	-0.00786324786324786	0.182905982905983	0.375726495726496
"gCGC00239"	"COX-2"	"Other Enzyme"	-0.237606837606838	0.00170940170940171	0.367521367521367
"gCGC00240"	"SSRI"	"Transporter"	0.16034188034188	0.094017094017094	0.0447863247863248
"gCGC00241"	"NPC1L1"	"Transporter"	0.258119658119658	-0.335384615384615	0.134358974358974
"gCGC00242"	"DAG lipase"	"Lipase"	-0.249230769230769	-0.147350427350427	0.161025641025641
"gCGC00243"	"Aromatase"	"Other Enzyme"	0.324444444444444	-0.180854700854701	0.0933333333333333
"gCGC00245"	"Topoisomerase II"	"Other Enzyme"	-0.12957264957265	-0.0584615384615385	0.169230769230769
"gCGC00246"	"DNA synthesis"	"Other Enzyme"	-0.10974358974359	-0.0844444444444444	-0.157606837606838
"gCGC00248"	"DNA synthesis"	"Other Enzyme"	-0.236923076923077	-0.130940170940171	0.042051282051282
"gCGC00249"	"MMP"	"Protease"	-0.232820512820513	-0.152136752136752	0.107008547008547
"gCGC00250"	"DNA"	"DNA"	0.163076923076923	-0.152136752136752	0.0796581196581197
"gCGC00251"	"MCT1 lactate/H+ symporter"	"Transporter"	-0.168547008547009	-0.0105982905982906	0.101538461538462
"gCGC00252"	"Mitochondrial decoupler"	"Undefined"	0.135042735042735	-0.0372649572649573	-0.436581196581197
"gCGC00253"	"HDAC"	"Histone Deacetylase"	0.0714529914529914	-0.0317948717948718	-0.234188034188034
"gCGC00254"	"ACE"	"Other Enzyme"	-0.251282051282051	-0.102905982905983	-0.0447863247863248
"gCGC00255"	"Urease"	"Other Enzyme"	0.216410256410256	0.107008547008547	-0.243076923076923
"gCGC00256"	"Muscarinic Receptor"	"GPCR"	-0.256752136752137	-0.161025641025641	0.301880341880342
"gCGC00257"	"NAPH oxidase"	"Other Enzyme"	-0.0133333333333333	-0.12	-0.0482051282051282
"gCGC00258"	"Microtubule"	"Other non-Enzyme"	0.0468376068376068	-0.265641025641026	0.0488888888888889
"gCGC00259"	"Syk"	"Kinase (Tyr)"	-0.130940170940171	0.0516239316239316	0.178803418803419
"gCGC00260"	"PI3K-A"	"Kinase (Lipid)"	-0.371623931623932	-0.113846153846154	-0.0769230769230769
"gCGC00261"	"ICE, Caspase"	"Protease"	-0.0311111111111111	0.124786324786325	0.0577777777777778
"gCGC00261"	"ICE, Caspase"	"Protease"	0.123418803418803	0.0837606837606838	-0.0352136752136752
"gCGC00262"	"MEK2, MEK1"	"Kinase (Ser/Thr)"	-0.37025641025641	0.566495726495726	0.169230769230769
"gCGC00263"	"Mannosidase"	"Other Enzyme"	-0.081025641025641	0.346324786324786	-0.0133333333333333
"gCGC00264"	"ERK"	"Kinase (Ser/Thr)"	-0.334017094017094	0.593162393162393	0.173333333333333
"gCGC00265"	"ER"	"NHR"	-0.13982905982906	-0.00923076923076923	0.149401709401709
"gCGC00266"	"MEK2, MEK1"	"Kinase (Ser/Thr)"	-0.329230769230769	0.502222222222222	0.267692307692308
"gCGC00267"	"multi-CDK"	"Kinase (Ser/Thr)"	-0.273162393162393	0.274529914529914	-0.0994871794871795
"gCGC00268"	"Vitamin D Receptor"	"NHR"	-0.290940170940171	0.416752136752137	-0.0461538461538461
"gCGC00270"	"Androgen Receptor"	"NHR"	-0.245811965811966	-0.0735042735042735	0.40991452991453
"gCGC00271"	"Unknown"	"Undefined"	-0.118632478632479	0.0878632478632479	-0.134358974358974
"gCGC00272"	"HDAC"	"Histone Deacetylase"	0.0899145299145299	0.308717948717949	0.0147008547008547
"gCGC00273"	"G9a"	"Histone Lysine Methyltransferase"	0.238290598290598	-0.342222222222222	-0.265641025641026
"gCGC00274"	"mTOR"	"Kinase (Ser/Thr)"	0.00717948717948718	-0.192478632478632	0.00170940170940171
"gCGC00275"	"G9a"	"Histone Lysine Methyltransferase"	-0.365470085470085	-0.068034188034188	0.0741880341880342
"gCGC00276"	"NAMPT"	"Other Enzyme"	0.0147008547008547	-0.275897435897436	-0.184957264957265
"gCGC00277"	"TTK"	"Kinase (Ser/Thr)"	-0.334017094017094	-0.0960683760683761	0.50974358974359
"gCGC00278"	"SCD1"	"Other Enzyme"	-0.0502564102564102	0.0406837606837607	0.196581196581197
"gCGC00279"	"ERK"	"Kinase (Ser/Thr)"	-0.357948717948718	0.230769230769231	0.296410256410256
"gCGC00280"	"HDAC2, HDAC1"	"Histone Deacetylase"	0.014017094017094	0.0611965811965812	0.11042735042735
"gCGC00281"	"DNA synthesis"	"Other Enzyme"	0.0694017094017094	-0.145299145299145	0.306666666666667
"gCGC00283"	"HDAC2, HDAC1"	"Histone Deacetylase"	-0.309401709401709	0.284786324786325	0.0454700854700855
"gCGC00284"	"TNKS"	"Kinase (Ser/Thr)"	-0.435213675213675	0.243760683760684	-0.0953846153846154
"gCGC00285"	"BTK"	"Kinase (Tyr)"	-0.234188034188034	0.0468376068376068	-0.0721367521367521
"gCGC00286"	"Topoisomerase I"	"Other Enzyme"	0.0482051282051282	0.0352136752136752	0.0871794871794872
"gCGC00287"	"RAR"	"NHR"	0.176068376068376	-0.262905982905983	0.00717948717948718
"gCGC00288"	"Acetyl-CoA carboxylase"	"Other Enzyme"	0.0290598290598291	-0.283418803418803	0.370940170940171
"gCGC00289"	"PI3K-G, PI3K-D"	"Kinase (Lipid)"	0.126837606837607	-0.490598290598291	0.342222222222222
"gCGC00290"	"Transketolase"	"Other Enzyme"	-0.112478632478632	-0.0981196581196581	-0.188376068376068
"gCGC00292"	"Muscarinic Receptor"	"GPCR"	0.0892307692307692	0.27042735042735	-0.139145299145299
"gCGC00293"	"Adenylyl Cyclase"	"Other Enzyme"	-0.0611965811965812	0.44	-0.132991452991453
"gCGC00294"	"CHK1"	"Kinase (Ser/Thr)"	0.00854700854700855	-0.0830769230769231	0.0475213675213675
"gCGC00295"	"JAK2"	"Kinase (Tyr)"	-0.024957264957265	-0.216410256410256	-0.158290598290598
"gCGC00296"	"MAP4K4"	"Kinase (Ser/Thr)"	0.258119658119658	-0.265641025641026	-0.0324786324786325
"gCGC00297"	"TNKS"	"Kinase (Ser/Thr)"	-0.407863247863248	0.484444444444444	-0.214358974358974
"gCGC00298"	"Bcl-xL"	"Other non-Enzyme"	-0.0625641025641026	0.0864957264957265	-0.152136752136752
"gCGC00299"	"HDAC3"	"Histone Deacetylase"	-0.0899145299145299	0.024957264957265	0.179487179487179
"gCGC00300"	"DHFR"	"Other Enzyme"	-0.0215384615384615	0.00786324786324786	0.0441025641025641
"gCGC00301"	"TYK2"	"Kinase (Tyr)"	-0.104273504273504	-0.0441025641025641	0.068034188034188
"gCGC00302"	"Cysteine Protease"	"Protease"	0.0652991452991453	0.278632478632479	0.19042735042735
"gCGC00303"	"Calpain"	"Protease"	0.183589743589744	-0.152136752136752	-0.231452991452991
"gCGC00304"	"PIM"	"Kinase (Ser/Thr)"	0.106324786324786	-0.484444444444444	0.234188034188034
"gCGC00307"	"ERK"	"Kinase (Ser/Thr)"	-0.252649572649573	0.405811965811966	0.21982905982906
"gCGC00308"	"NAMPT"	"Other Enzyme"	0.125470085470085	-0.0502564102564102	-0.487179487179487
"gCGC00309"	"NAMPT"	"Other Enzyme"	0.103589743589744	-0.150769230769231	-0.327863247863248
"gCGC00310"	"Axl"	"Kinase (Tyr)"	-0.357264957264957	-0.186324786324786	0.244444444444444
"gCGC00311"	"BTK"	"Kinase (Tyr)"	-0.186324786324786	-0.173333333333333	-0.0625641025641026
"gCGC00312"	"CK2"	"Kinase (Ser/Thr)"	-0.263589743589744	0.0461538461538461	0.431794871794872
"gCGC00313"	"CHK1"	"Kinase (Ser/Thr)"	-0.0365811965811966	-0.157606837606838	0.0256410256410256
"gCGC00314"	"ErbB2, EGFR"	"Kinase (Tyr)"	0.0488888888888889	0.442735042735043	-0.375042735042735
"gCGC00315"	"IRAK4"	"Kinase (Ser/Thr)"	-0.156239316239316	-0.0181196581196581	0.141880341880342
"gCGC00316"	"PAK5, PAK4"	"Kinase (Ser/Thr)"	-0.325811965811966	0.268376068376068	0.0338461538461538
"gCGC00317"	"CPT1A"	"Other Enzyme"	0.0229059829059829	0.202051282051282	-0.0864957264957265
"gCGC00318"	"Src"	"Kinase (Tyr)"	-0.347692307692308	0.205470085470085	-0.130940170940171
"gCGC00319"	"ER"	"NHR"	0.0447863247863248	-0.385299145299145	0.446153846153846
"gCGC00320"	"PDK1"	"Kinase (Ser/Thr)"	-0.0181196581196581	0.105641025641026	0.0215384615384615
"gCGC00727"	"STAT3"	"Other non-Enzyme"	0.0605128205128205	-0.15008547008547	0.00376068376068376
"gCGC00321"	"Glycolysis"	"Undefined"	0.0468376068376068	-0.111794871794872	0.228717948717949
"gCGC00322"	"Actin"	"Other non-Enzyme"	0.00102564102564103	0.00444444444444444	0.167863247863248
"gCGC00323"	"multi-Kinase"	"Kinase (Tyr)"	-0.224615384615385	0.132991452991453	0.208888888888889
"gCGC00324"	"Cdc25C, Cdc25B, Cdc25A"	"Phosphatase"	0.105641025641026	-0.280683760683761	-0.292307692307692
"gCGC00325"	"Cytidine deaminase"	"Other Enzyme"	-0.302564102564102	-0.0324786324786325	0.211623931623932
"gCGC00326"	"FAK"	"Kinase (Tyr)"	-0.0379487179487179	-0.335384615384615	0.228717948717949
"gCGC00327"	"HSP70"	"Other Enzyme"	-0.00854700854700855	0.34017094017094	0.011965811965812
"gCGC00328"	"GlcNAc phosphotransferase"	"Other Enzyme"	-0.0297435897435897	0.161025641025641	0.0598290598290598
"gCGC00329"	"PLK1"	"Kinase (Ser/Thr)"	-0.0960683760683761	-0.175384615384615	0.0427350427350427
"gCGC00330"	"HSP90"	"Other Enzyme"	0.0167521367521367	-0.226666666666667	-0.245811965811966
"gCGC00331"	"Topoisomerase I"	"Other Enzyme"	0.121367521367521	0.00854700854700855	-0.0331623931623932
"gCGC00332"	"RSK3, RSK2, RSK1"	"Kinase (Ser/Thr)"	0.0304273504273504	-0.00376068376068376	-0.297777777777778
"gCGC00333"	"Lipase"	"Lipase"	0.0605128205128205	-0.156923076923077	0.116581196581197
"gCGC00334"	"multi-CDK"	"Kinase (Ser/Thr)"	0.068034188034188	-0.00307692307692308	0.0858119658119658
"gCGC00335"	"NAMPT"	"Other Enzyme"	0.0899145299145299	-0.204786324786325	-0.288888888888889
"gCGC00336"	"IGF1R"	"Kinase (Tyr)"	-0.393504273504273	0.182222222222222	0.176752136752137
"gCGC00337"	"PAK2, PAK1"	"Kinase (Ser/Thr)"	-0.264273504273504	-0.0358974358974359	0.0837606837606838
"gCGC00338"	"BET"	"bromo"	0.0475213675213675	-0.556239316239316	0.0495726495726496
"gCGC00339"	"multi-Kinase"	"Kinase (Tyr)"	-0.316923076923077	-0.295726495726496	0.00649572649572649
"gCGC00340"	"IRE1 RNase"	"Other Enzyme"	-0.0536752136752137	0.277264957264957	-0.0242735042735043
"gCGC00341"	"P2Y12"	"GPCR"	-0.0878632478632479	-0.39008547008547	-0.146666666666667
"gCGC00342"	"Unknown"	"Undefined"	0.333333333333333	-0.197264957264957	-0.288888888888889
"gCGC00343"	"COX-1"	"Other Enzyme"	0.0557264957264957	-0.235555555555556	0.0851282051282051
"gCGC00344"	"Hec1, NEK2"	"Other Enzyme, Kinase (Ser/Thr)"	0.0276923076923077	-0.389401709401709	-0.0632478632478632
"gCGC00345"	"S1P1"	"GPCR"	-0.331965811965812	-0.126153846153846	0.248547008547009
"gCGC00346"	"P-gp"	"Transporter"	-0.308717948717949	-0.284102564102564	0.330598290598291
"gCGC00347"	"GGTase"	"Other Enzyme"	-0.201367521367521	-0.00581196581196581	0.48991452991453
"gCGC00348"	"bisphosphonate"	"bisphosphonate"	-0.00102564102564103	-0.358632478632479	-0.122051282051282
"gCGC00350"	"PDK"	"Kinase (Ser/Thr)"	-0.405128205128205	-0.0605128205128205	0.0892307692307692
"gCGC00351"	"Rac"	"GTPase"	0.438632478632479	-0.424273504273504	0.163760683760684
"gCGC00352"	"Src, FGFR1"	"Kinase (Tyr)"	-0.0297435897435897	-0.205470085470085	-0.141196581196581
"gCGC00353"	"Topoisomerase II"	"Other Enzyme"	-0.0290598290598291	-0.351794871794872	0.0215384615384615
"gCGC00354"	"PDGFR, Kit, Flt3"	"Kinase (Tyr)"	-0.0762393162393162	-0.233504273504273	0.341538461538462
"gCGC00355"	"DNA synthesis"	"Other Enzyme"	-0.0181196581196581	-0.106324786324786	0.0974358974358974
"gCGC00356"	"COX-2"	"Other Enzyme"	-0.0933333333333333	0.107692307692308	0.269059829059829
"gCGC00357"	"CDK9, CDK5"	"Kinase (Ser/Thr)"	0.277264957264957	-0.065982905982906	-0.12
"gCGC00358"	"NAMPRT"	"Other Enzyme"	0.217094017094017	0.158974358974359	0.0707692307692308
"gCGC00359"	"ACC"	"Other Enzyme"	-0.292991452991453	0.176068376068376	0.121367521367521
"gCGC00360"	"Unknown"	"Undefined"	-0.0844444444444444	0.154188034188034	-0.0591452991452991
"gCGC00361"	"Na+/H+ exchanger"	"Transporter"	-0.111111111111111	0.153504273504273	-0.000341880341880342
"gCGC00362"	"Na+-Glucose Transport"	"Transporter"	0.297777777777778	-0.105641025641026	0.181538461538462
"gCGC00363"	"Telomerase"	"Other Enzyme"	0.267692307692308	0.0502564102564102	0.133675213675214
"gCGC00364"	"XO"	"Other Enzyme"	-0.0803418803418803	-0.115213675213675	-0.108376068376068
"gCGC00365"	"Aromatase"	"Other Enzyme"	0.00854700854700855	0.297094017094017	0.0851282051282051
"gCGC00366"	"HDAC"	"Histone Deacetylase"	-0.233504273504273	0.145982905982906	0.146666666666667
"gCGC00367"	"LAP3"	"Aminopeptidase"	0.34974358974359	-0.011965811965812	-0.105641025641026
"gCGC00368"	"TGBR2"	"Kinase (Ser/Thr)"	-0.276581196581197	-0.285470085470085	0.267008547008547
"gCGC00369"	"ACE"	"Other Enzyme"	-0.0297435897435897	-0.0947008547008547	0.078974358974359
"gCGC00370"	"ATM"	"Kinase (Ser/Thr)"	0.185641025641026	-0.191111111111111	0.0495726495726496
"gCGC00371"	"GSK3_beta"	"Kinase (Ser/Thr)"	-0.249230769230769	0.249230769230769	0.0960683760683761
"gCGC00372"	"p38 MAPK"	"Kinase (Ser/Thr)"	-0.225299145299145	0.328547008547008	0.078974358974359
"gCGC00373"	"DNA methyltransferase"	"Other Enzyme"	-0.123418803418803	0.388717948717949	-0.140512820512821
"gCGC00374"	"HSP90"	"Other Enzyme"	-0.379145299145299	-0.13025641025641	0.149401709401709
"gCGC00375"	"WEE-1"	"Kinase (Ser/Thr)"	-0.0905982905982906	-0.225982905982906	0.0714529914529914
"gCGC00376"	"Antioxidant"	"Undefined"	0.407863247863248	0.0222222222222222	-0.552820512820513
"gCGC00377"	"FAS"	"Other Enzyme"	-0.136410256410256	0.0584615384615385	-0.227350427350427
"gCGC00378"	"SIRT2, SIRT1"	"Protein Deacetylase"	-0.155555555555556	-0.0776068376068376	0.130940170940171
"gCGC00379"	"DNA synthesis"	"Other Enzyme"	-0.00649572649572649	-0.181538461538462	-0.0878632478632479
"gCGC00380"	"Alpha-glucosidase"	"Other Enzyme"	-0.0577777777777778	0.230769230769231	-0.29025641025641
"gCGC00381"	"ACAT"	"Other Enzyme"	-0.276581196581197	0.154188034188034	0.178119658119658
"gCGC00382"	"RAR_alpha"	"NHR"	0.171965811965812	0.024957264957265	-0.381196581196581
"gCGC00383"	"FFAR1"	"GPCR"	0.372991452991453	0.00512820512820513	-0.0611965811965812
"gCGC00384"	"ALK5"	"Kinase (Ser/Thr)"	-0.173333333333333	0.282735042735043	0.0441025641025641
"gCGC00385"	"PARP2"	"Other Enzyme"	-0.167179487179487	-0.316923076923077	0.461196581196581
"gCGC00386"	"5-HT2 Receptor"	"Ion Channel"	-0.412649572649573	0.147350427350427	0.00102564102564103
"gCGC00387"	"ALK2"	"Kinase (Ser/Thr)"	0.307350427350427	-0.193846153846154	0.322393162393162
"gCGC00388"	"Golgi"	"Undefined"	0.197264957264957	0.123418803418803	-0.0591452991452991
"gCGC00389"	"sPLA2"	"Phospholipase"	-0.141196581196581	0.00170940170940171	-0.21982905982906
"gCGC00390"	"DNA-PK"	"Kinase (Ser/Thr)"	-0.146666666666667	-0.406495726495726	0.21982905982906
"gCGC00391"	"TrkB, TrkA"	"Kinase (Tyr)"	-0.23008547008547	0.315555555555556	-0.119316239316239
"gCGC00392"	"p70S6K"	"Kinase (Ser/Thr)"	0.208205128205128	-0.487179487179487	0.105641025641026
"gCGC00393"	"Cathepsin K"	"Protease"	0.166495726495726	0.27042735042735	-0.272478632478632
"gCGC00394"	"FAAH"	"Other Enzyme"	0.156923076923077	-0.109059829059829	-0.0365811965811966
"gCGC00395"	"MMP-3"	"Protease"	0.234188034188034	-0.276581196581197	0.0454700854700855
"gCGC00396"	"LPA1"	"GPCR"	-0.27042735042735	-0.154871794871795	0.0885470085470085
"gCGC00397"	"Caspase"	"Protease"	-0.346324786324786	0.0235897435897436	-0.0194871794871795
"gCGC00398"	"multi-Kinase"	"Kinase (Tyr)"	-0.0871794871794872	-0.155555555555556	-0.441367521367521
"gCGC00399"	"bisphosphonate"	"Other non-Enzyme"	-0.285470085470085	0.206153846153846	0.305982905982906
"gCGC00400"	"PDE5"	"Phosphodiesterase"	0.279316239316239	0.00717948717948718	0.199316239316239
"gCGC00401"	"Unknown"	"Undefined"	-0.0892307692307692	-0.173333333333333	0.16991452991453
"gCGC00402"	"DNA synthesis"	"Other Enzyme"	-0.0304273504273504	-0.0912820512820513	0.424273504273504
"gCGC00403"	"AT II R"	"GPCR"	0.122051282051282	-0.422222222222222	0.219145299145299
"gCGC00404"	"AT II R"	"GPCR"	0.199316239316239	-0.149401709401709	0.161025641025641
"gCGC00405"	"Unknown"	"Undefined"	-0.191111111111111	0.0174358974358974	-0.0632478632478632
"gCGC00406"	"PERK"	"Kinase (Ser/Thr)"	-0.0926495726495726	-0.152136752136752	-0.208205128205128
"gCGC00407"	"KDM5A"	"Histone Lysine Demethylase"	-0.148034188034188	0.184957264957265	0.10974358974359
"gCGC00408"	"KDM5A"	"Histone Lysine Demethylase"	-0.042051282051282	0.0194871794871795	0.107008547008547
"gCGC00410"	"DOT1L"	"Histone Lysine Methyltransferase"	0.238974358974359	-0.042051282051282	0.107692307692308
"gCGC00411"	"GLS"	"Other Enzyme"	-0.155555555555556	0.212991452991453	-0.00581196581196581
"gCGC00413"	"MAP4K4"	"Kinase (Ser/Thr)"	-0.461196581196581	-0.111111111111111	0.577435897435897
"gCGC00414"	"Topoisomerase II"	"Other Enzyme"	-0.0263247863247863	-0.256068376068376	-0.271111111111111
"gCGC00415"	"delta-6 desaturase"	"Other Enzyme"	-0.238290598290598	-0.139145299145299	-0.014017094017094
"gCGC00416"	"PDE5"	"Phosphodiesterase"	0.214358974358974	0.0174358974358974	0.206837606837607
"gCGC00417"	"AMPK"	"Kinase (Ser/Thr)"	0.379145299145299	0.0317948717948718	-0.00854700854700855
"gCGC00418"	"monocarboxylate transporters"	"Transporter"	0.140512820512821	-0.0311111111111111	0.0441025641025641
"gCGC00419"	"20S Proteasome"	"Protease"	0.122735042735043	-0.0317948717948718	-0.256068376068376
"gCGC00420"	"Mre11"	"Other Enzyme"	-0.0974358974358974	-0.253333333333333	0.0324786324786325
"gCGC00421"	"20S Proteasome"	"Protease"	0.136410256410256	-0.169230769230769	-0.425641025641026
"gCGC00422"	"HMG-CoA reductase"	"Other Enzyme"	-0.0379487179487179	-0.167179487179487	0.228034188034188
"gCGC00423"	"CDK1"	"Kinase (Ser/Thr)"	-0.328547008547008	-0.348376068376068	0.408547008547008
"gCGC00424"	"Iron chelation"	"Other non-Enzyme"	-0.0331623931623932	-0.0933333333333333	0.198632478632479
"gCGC00425"	"ERK"	"Kinase (Ser/Thr)"	-0.358632478632479	0.398290598290598	0.237606837606838
"gCGC00426"	"20S Proteasome"	"Protease"	0.139145299145299	-0.170598290598291	-0.342905982905983
"gCGC00427"	"TBK1, IKK_alpha, IKK_epsilon"	"Kinase (Ser/Thr)"	-0.318974358974359	0.0290598290598291	0.405128205128205
"gCGC00428"	"BTK"	"Kinase (Tyr)"	0.0735042735042735	0.0960683760683761	-0.139145299145299
"gCGC00429"	"DUB"	"Protease"	0.0167521367521367	0.196581196581197	-0.206837606837607
"gCGC00430"	"MLL-Menin"	"Histone Lysine Methyltransferase"	0.197948717948718	-0.473504273504273	-0.0105982905982906
"gCGC00431"	"ERK"	"Kinase (Ser/Thr)"	-0.415384615384615	0.165128205128205	0.40991452991453
"gCGC00433"	"TrkB, TrkA"	"Kinase (Tyr)"	-0.166495726495726	-0.170598290598291	0.265641025641026
"gCGC00434"	"DNA"	"DNA"	0.271794871794872	-0.397606837606838	-0.094017094017094
"gCGC00435"	"FABP"	"Other non-Enzyme"	-0.229401709401709	-0.00307692307692308	0.494700854700855
"gCGC00436"	"Unknown"	"Undefined"	-0.36	0.458461538461538	0.113846153846154
"gCGC00437"	"p53/MDM2"	"Other non-Enzyme"	0.151452991452991	-0.0181196581196581	0.0229059829059829
"gCGC00438"	"HSP90"	"Other Enzyme"	-0.232136752136752	-0.0406837606837607	-0.176752136752137
"gCGC00439"	"PLK1"	"Kinase (Ser/Thr)"	-0.245811965811966	0.136410256410256	0.0447863247863248
"gCGC00440"	"GABA Receptor"	"GPCR"	-0.0728205128205128	-0.44	0.444102564102564
"gCGC00441"	"Topoisomerase II"	"Other Enzyme"	-0.0324786324786325	-0.402393162393162	-0.174700854700855
"gCGC00442"	"Unknown"	"Undefined"	0.0741880341880342	-0.250598290598291	0.0276923076923077
"gCGC00443"	"EGFR(T790M)"	"Kinase (Tyr)"	-0.262905982905983	-0.206153846153846	0.385299145299145
"gCGC00444"	"DNA"	"DNA"	0.429059829059829	-0.102905982905983	-0.288888888888889
"gCGC00445"	"BRPF1"	"bromo"	-0.00239316239316239	0.00307692307692308	0.208888888888889
"gCGC00447"	"LDHB, LDHA"	"Other Enzyme"	-0.290940170940171	-0.247179487179487	0.353162393162393
"gCGC00448"	"ITK"	"Kinase (Tyr)"	-0.00239316239316239	-0.28957264957265	0.0201709401709402
"gCGC00449"	"BRD9"	"bromo"	0.279316239316239	-0.337435897435897	0.305982905982906
"gCGC00450"	"EGFR(T790M)"	"Kinase (Tyr)"	0.0181196581196581	0.0372649572649573	0.0871794871794872
"gCGC00451"	"BRD9"	"bromo"	0.113846153846154	-0.136410256410256	0.0365811965811966
"gCGC00452"	"ITK"	"Kinase (Tyr)"	-0.105641025641026	0.481025641025641	-0.225982905982906
"gCGC00453"	"BTK"	"Kinase (Tyr)"	0.134358974358974	0.232136752136752	-0.181538461538462
"gCGC00454"	"ITK"	"Kinase (Tyr)"	-0.211623931623932	-0.208888888888889	0.30051282051282
"gCGC00455"	"KDM6B"	"Histone Lysine Demethylase"	-0.195213675213675	-0.156239316239316	-0.0878632478632479
"gCGC00456"	"CDK8"	"Kinase (Ser/Thr)"	-0.101538461538462	-0.0229059829059829	0.0844444444444444
"gCGC00457"	"MLL-Menin"	"Histone Lysine Methyltransferase"	-0.0947008547008547	0.154188034188034	0.0776068376068376
"gCGC00458"	"B-Raf"	"Kinase (Ser/Thr)"	0.0304273504273504	-0.00170940170940171	-0.0208547008547009
"gCGC00459"	"TNKS"	"Kinase (Ser/Thr)"	-0.318974358974359	0.337435897435897	-0.210940170940171
"gCGC00461"	"multi-PAK"	"Kinase (Ser/Thr)"	-0.00786324786324786	-0.0502564102564102	0.105641025641026
"gCGC00462"	"Unknown"	"Undefined"	0.305299145299145	-0.345641025641026	-0.0338461538461538
"gCGC00463"	"LSD1"	"Histone Lysine Demethylase"	0.10017094017094	0.117264957264957	0.00854700854700855
"gCGC00464"	"Microtubule"	"Other non-Enzyme"	-0.0817094017094017	-0.0933333333333333	-0.0345299145299145
"gCGC00465"	"Aurora_B, Aurora_A"	"Kinase (Ser/Thr)"	-0.0468376068376068	-0.182222222222222	0.192478632478632
"gCGC00466"	"FGFR"	"Kinase (Tyr)"	0.0454700854700855	-0.478290598290598	0.340854700854701
"gCGC00467"	"CBP"	"bromo"	-0.158974358974359	0.0509401709401709	0.182905982905983
"gCGC00467"	"CBP"	"bromo"	0.112478632478632	-0.257435897435897	0.155555555555556
"gCGC00468"	"CBP"	"bromo"	0.0317948717948718	-0.474188034188034	0.371623931623932
"gCGC00469"	"EZH2"	"Histone Lysine Methyltransferase"	-0.232136752136752	0.0372649572649573	0.134358974358974
"gCGC00470"	"KDM2B"	"Histone Lysine Demethylase"	-0.274529914529914	0.271794871794872	-0.24034188034188
"gCGC00471"	"BAZ2B, BAZ2A"	"Bromodomain"	0.191794871794872	-0.212307692307692	0.214358974358974
"gCGC00472"	"MCP-110"	"Ras"	0.094017094017094	-0.247863247863248	0.113162393162393
"gCGC00473"	"NIK"	"Kinase (Ser/Thr)"	-0.0174358974358974	-0.0817094017094017	-0.00649572649572649
"gCGC00474"	"SETD7"	"Histone Lysine Methyltransferase"	0.134358974358974	-0.0488888888888889	0.332649572649573
"gCGC00475"	"PIM"	"Kinase (Ser/Thr)"	-0.0372649572649573	-0.0885470085470085	0.0311111111111111
"gCGC00476"	"PIM"	"Kinase (Ser/Thr)"	-0.0256410256410256	-0.254700854700855	0.282735042735043
"gCGC00477"	"PYK2, FAK"	"Kinase (Ser/Thr), Kinase (Tyr)"	-0.138461538461538	-0.163076923076923	0.307350427350427
"gCGC00477"	"PYK2, FAK"	"Kinase (Ser/Thr), Kinase (Tyr)"	-0.169230769230769	-0.0899145299145299	0.161709401709402
"gCGC00478"	"Microtubule"	"Other non-Enzyme"	-0.0256410256410256	-0.16991452991453	-0.094017094017094
"gCGC00479"	"KDM2B"	"Histone Lysine Demethylase"	-0.0673504273504273	-0.0666666666666667	0.280683760683761
"gCGC00480"	"mTOR"	"Kinase (Ser/Thr)"	0.197264957264957	-0.291623931623932	-0.323076923076923
"gCGC00481"	"ITK"	"Kinase (Tyr)"	0.10974358974359	-0.303247863247863	0.314871794871795
"gCGC00482"	"Microtubule"	"Other non-Enzyme"	0.0413675213675214	-0.145982905982906	-0.124102564102564
"gCGC00483"	"DLK"	"Kinase (Ser/Thr)"	-0.143931623931624	0.0967521367521367	-0.386666666666667
"gCGC00484"	"CBP"	"bromo"	-0.144615384615385	0.0352136752136752	-0.0215384615384615
"gCGC00485"	"KDM2B"	"Histone Lysine Demethylase"	-0.0454700854700855	-0.143931623931624	0.16991452991453
"gCGC00486"	"PIM"	"Kinase (Ser/Thr)"	0.0242735042735043	-0.261538461538461	0.24034188034188
"gCGC00488"	"CARM1"	"Histone Arginine Methyltransferase"	-0.134358974358974	0.0536752136752137	-0.236239316239316
"gCGC00489"	"ERK"	"Kinase (Ser/Thr)"	-0.387350427350427	0.537094017094017	0.143247863247863
"gCGC00490"	"EZH2"	"Histone Lysine Methyltransferase"	-0.206837606837607	0.055042735042735	0.299145299145299
"gCGC00491"	"Unknown"	"Undefined"	-0.437264957264957	0.0700854700854701	0.389401709401709
"gCGC00492"	"LSD1"	"Histone Lysine Demethylase"	-0.482393162393162	0.173333333333333	0.476923076923077
"gCGC00493"	"Actin"	"Other non-Enzyme"	0.120683760683761	-0.055042735042735	-0.0105982905982906
"gCGC00494"	"PERK"	"Kinase (Ser/Thr)"	0.0208547008547009	-0.435213675213675	0.27042735042735
"gCGC00497"	"Microtubule"	"Other non-Enzyme"	-0.042051282051282	0.0803418803418803	-0.0516239316239316
"gCGC00499"	"PCAF"	"Histone Acetyltransferase"	-0.121367521367521	0.109059829059829	0.293675213675214
"gCGC00500"	"DLK"	"Kinase (Ser/Thr)"	-0.171965811965812	0.134358974358974	-0.27042735042735
"gCGC00501"	"Actin"	"Other non-Enzyme"	-0.15965811965812	0.0700854700854701	-0.055042735042735
"gCGC00502"	"Anti-metabolite"	"Undefined"	-0.00170940170940171	0.10017094017094	0.0858119658119658
"gCGC00503"	"CECR2"	"Other Enzyme"	0.212991452991453	-0.091965811965812	-0.078974358974359
"gCGC00504"	"EGFR(T790M)"	"Kinase (Tyr)"	-0.147350427350427	0.504273504273504	-0.204102564102564
"gCGC00504"	"EGFR(T790M)"	"Kinase (Tyr)"	0.0105982905982906	0.351794871794872	-0.359316239316239
"gCGC00505"	"IDH1(R132H)"	"Other Enzyme"	-0.0188034188034188	-0.303247863247863	0.119316239316239
"gCGC00506"	"HSP90"	"Other Enzyme"	-0.297094017094017	-0.128888888888889	0.225982905982906
"gCGC00507"	"L3MBTL3"	"Other Enzyme"	0.0776068376068376	0.225299145299145	-0.264957264957265
"gCGC00508"	"KDM5"	"Histone Lysine Demethylase"	0.192478632478632	-0.0297435897435897	-0.207521367521368
"gCGC00509"	"PCAF"	"Histone Acetyltransferase"	0.0147008547008547	-0.423589743589744	0.318974358974359
"gCGC00510"	"PCAF"	"Histone Acetyltransferase"	-0.121367521367521	-0.135726495726496	0.0557264957264957
"gCGC00511"	"PAK3, PAK2, PAK1"	"Kinase (Ser/Thr)"	-0.282735042735043	0.11042735042735	0.241025641025641
"gCGC00513"	"PORCN"	"Other Enzyme"	-0.161025641025641	0.161709401709402	0.2
"gCGC00514"	"BRG1"	"bromo"	-0.024957264957265	-0.0516239316239316	-0.125470085470085
"gCGC00515"	"NIK"	"Kinase (Ser/Thr)"	-0.027008547008547	0.287521367521367	0.00102564102564103
"gCGC00516"	"PKD1"	"Kinase (Ser/Thr)"	-0.143247863247863	0.0427350427350427	0.0461538461538461
"gCGC00517"	"PKD1"	"Kinase (Ser/Thr)"	0.0242735042735043	-0.386666666666667	0.397606837606838
"gCGC00518"	"BRG1"	"bromo"	-0.0311111111111111	0.216410256410256	0.0242735042735043
"gCGC00519"	"IRAK4"	"Kinase (Ser/Thr)"	-0.094017094017094	0.136410256410256	-0.078974358974359
"gCGC00520"	"BRG1"	"bromo"	0.0304273504273504	-0.242393162393162	0.0352136752136752
"gCGC00521"	"ALK"	"Kinase (Tyr)"	-0.10017094017094	0.0570940170940171	-0.307350427350427
"gCGC00522"	"PAK1"	"Kinase (Ser/Thr)"	-0.226666666666667	0.000341880341880342	0.196581196581197
"gCGC00523"	"PRMT3"	"Histone Arginine Methyltransferase"	0.0864957264957265	-0.140512820512821	-0.0147008547008547
"gCGC00524"	"CARM1"	"Histone Arginine Methyltransferase"	0.172649572649573	0.122051282051282	0.305299145299145
"gCGC00525"	"17,20 Lyase"	"Other Enzyme"	0.094017094017094	-0.242393162393162	0.294358974358974
"gCGC00526"	"Nedd8"	"Other non-Enzyme"	-0.104273504273504	-0.136410256410256	0.195897435897436
"gCGC00527"	"Rac-GEF"	"GEF"	-0.091965811965812	-0.0782905982905983	0.252649572649573
"gCGC00528"	"Cathepsin K"	"Protease"	0.228034188034188	0.0229059829059829	-0.165128205128205
"gCGC00529"	"DGAT-1"	"Other Enzyme"	0.0297435897435897	-0.094017094017094	0.0618803418803419
"gCGC00530"	"HSP90"	"Other Enzyme"	-0.46051282051282	-0.0687179487179487	0.313504273504273
"gCGC00531"	"Ionophore signaling"	"Ion Channel"	-0.0844444444444444	-0.310769230769231	0.153504273504273
"gCGC00532"	"Eg5"	"Other Enzyme"	0.00102564102564103	-0.42974358974359	0.373675213675214
"gCGC00534"	"Ras"	"GTPase"	-0.127521367521368	0.0591452991452991	0.00170940170940171
"gCGC00535"	"Mitochondrial ATPase"	"Other Enzyme"	0.228717948717949	-0.457094017094017	0.000341880341880342
"gCGC00536"	"ATF6"	"Transcription factor"	-0.115213675213675	0.111111111111111	-0.0796581196581197
"gCGC00538"	"ER"	"NHR"	-0.218461538461538	-0.229401709401709	0.312136752136752
"gCGC00539"	"ER"	"NHR"	-0.253333333333333	0.107008547008547	0.48034188034188
"gCGC00542"	"Met"	"Kinase (Tyr)"	-0.200683760683761	-0.21982905982906	0.0666666666666667
"gCGC00543"	"FMS"	"Kinase (Tyr)"	0.326495726495727	-0.414017094017094	0.162393162393162
"gCGC00544"	"Lyn"	"Kinase (Tyr)"	-0.252649572649573	0.111111111111111	-0.0105982905982906
"gCGC00545"	"PRMT5"	"Protein Arginine Methyltransfers"	-0.245128205128205	0.367521367521367	-0.156923076923077
"gCGC00546"	"PRMT5"	"Protein Arginine Methyltransfers"	-0.292307692307692	0.306666666666667	-0.0324786324786325
"gCGC00549"	"HIV Protease"	"Other Enzyme"	0.0687179487179487	-0.0475213675213675	-0.124786324786325
"gCGC00551"	"ErbB2, EGFR"	"Kinase (Tyr)"	-0.123418803418803	0.45025641025641	-0.158290598290598
"gCGC00552"	"DPP-4"	"Protease"	0.0372649572649573	-0.218461538461538	0.0290598290598291
"gCGC00554"	"E1, Nedd8"	"Ubiquitination"	-0.0215384615384615	0.0133333333333333	0.0741880341880342
"gCGC00555"	"E1"	"Ubiquitination"	-0.126153846153846	0.0577777777777778	0.0844444444444444
"gCGC00556"	"VCP"	"Other Enzyme"	-0.0201709401709402	0.0844444444444444	0.148034188034188
"gCGC00557"	"KRAS(G12C)"	"GTPase"	-0.12957264957265	0.102905982905983	0.167179487179487
"gCGC00559"	"USP7"	"Other Enzyme, Deubiquitinase"	-0.141196581196581	0.176752136752137	0.0639316239316239
"gCGC00560"	"DUSP6"	"Phosphatase"	0.246495726495726	-0.119316239316239	-0.382564102564103
"gCGC00564"	"RAF1"	"Kinase (Ser/Thr)"	-0.136410256410256	-0.10017094017094	0.00991452991452991
"gCGC00567"	"PDE6D"	"Phosphodiesterase"	-0.168547008547009	0.226666666666667	0.194529914529915
"gCGC00568"	"PDE6D"	"Phosphodiesterase"	-0.170598290598291	0.128205128205128	0.281367521367521
"gCGC00570"	"EGFR(T790M)"	"Kinase (Tyr)"	-0.113846153846154	-0.295042735042735	0.000341880341880342
"gCGC00571"	"CENPE"	"Other Enzyme"	0.0823931623931624	-0.241709401709402	0.155555555555556
"gCGC00572"	"CLK4"	"Kinase (Ser/Thr)"	-0.0147008547008547	-0.392820512820513	0.348376068376068
"gCGC00573"	"XPO1"	"Other Enzyme"	0.287521367521367	0.167179487179487	-0.552820512820513
"gCGC00574"	"XPO1"	"Other Enzyme"	0.215042735042735	-0.0358974358974359	-0.528888888888889
"gCGC00575"	"EGFR(T790M)"	"Kinase (Tyr)"	0.0618803418803419	0.528888888888889	-0.141880341880342
