"SAMPLE_ID"	"INVENTORY_SAMPLE_NAME"	"INVENTORY_PATIENT_ID"	"GENDER"	"PRIMARY_TISSUE"	"TISSUE_DIAGNOSIS"	"TDIAGNOSIS_METACLASS_ONCOLOGY"	"cancer.type"	"NMF"	"Subtype"	"MUC.score"	"PRO.score"	"MAPK_signature"	"STK11_deficiency_signature"	"Stk11_loss"	"Nkx2.1_expression_.log2nRPKM.1."	"Sox2_expression_.log2nRPKM.1."	"Nkx2.1.Sox2_ratio_expression_.RPKM."	"Krt20_expression_.log2nRPKM.1."	"Muc5ac_expression_.log2nRPKM.1."	"Muc5b_expression_.log2nRPKM.1."	"Pdx1_expression_.log2nRPKM.1."	"Kras_copy_number"	"Kras_G12D_allele_frequency"	"Ccnb2_genomic_alteration"	"Cdk4_genomic_alteration"	"E2f2_genomic_alteration"	"E2f6_genomic_alteration"	"AT1_z.scored_expression"	"AT2_z.scored_expression"	"Club_z.scored_expression"	"Ciliated_z.scored_expression"	"Subtype_13of18"	"score.MUC"	"score.PRO"	"score.MES"	"Subtype_75of113"	"score.MUC"	"score.PRO"	"score.MES"
"SAM7657649"	15262.1	15262	"Male"	"Lung"	"Adenocarcinoma"	"Cancer"	"NSCLC"	"2"	"PRO"	0.035832696	0.964167304	-0.90036178	0.251206446	TRUE	6.556774654	1.940801298	32.80604101	5.510384121	0.614161728	1.528067011	0.074172665	3	0.474747475	NA	"HOMDEL"	NA	"GAIN"	0.884614587	-0.304514524	-0.399057209	-0.548281161	"KP"	-1.335938759	-1.529647313	3.001150137	"MES"	-0.110604624	0.962357403	1.760048692
"SAM7657650"	15262.2	15262	"Male"	"Lung"	"Adenocarcinoma"	"Cancer"	"NSCLC"	"2"	"PRO"	0.00119892	0.99880108	-0.748331787	0.508349789	TRUE	6.797671341	1.462566942	62.78578009	5.896335975	0.256171099	1.974027086	0.12786695	3	0.408450704	NA	NA	NA	"AMP"	-0.042335492	-0.327547097	-0.394003443	-0.144834879	"KL"	-1.718357732	1.675375717	-0.185997119	"PRO"	0.362580005	1.412502842	-0.397913524
"SAM7657651"	15262.3	15262	"Male"	"Lung"	"Adenocarcinoma"	"Cancer"	"NSCLC"	"2"	"PRO"	0.043269209	0.956730791	-0.073351091	0.218823244	FALSE	6.113267309	1.744092771	29.03481564	7.427351517	1.808238161	3.466809371	1.545686662	3	0.592592593	NA	NA	NA	"GAIN"	0.128041172	-0.203666178	0.038839171	-0.275757077	"KC"	0.822488585	-0.367028322	-0.834754248	"MUC"	0.717461486	0.400818867	-1.151024901
"SAM7657653"	15262.5	15262	"Male"	"Lung"	"Adenocarcinoma"	"Cancer"	"NSCLC"	"2"	"PRO"	0.002197833	0.997802167	0.114104849	-0.005712958	FALSE	6.874526608	0.465848756	305.2452331	4.042874563	0.22141598	1.29457129	0.074172665	3	0.458823529	"HOMDEL"	NA	NA	"GAIN"	0.469416764	0.267801531	0.251553025	-0.483955787	"KL"	-1.029787294	0.635013633	-0.927264533	"unclassified"	-0.003421406	-0.318873565	-0.250122835
"SAM7657654"	15262.6	15262	"Male"	"Lung"	"Adenocarcinoma"	"Cancer"	"NSCLC"	"2"	"PRO"	0.000389074	0.999610926	-0.297763815	0.162645921	TRUE	6.923883935	0.212952585	757.0944603	3.276057913	0.147283573	0.749469037	0	3	0.4125	"HOMDEL"	NA	NA	"GAIN"	0.427904148	0.130748938	-0.102632297	-0.55239678	"KL"	-0.765776078	1.178404325	-0.363053462	"unclassified"	0.636165139	0.591078595	0.035013978
"SAM7657655"	15262.7	15262	"Male"	"Lung"	"Adenocarcinoma"	"Cancer"	"NSCLC"	"2"	"PRO"	0.004976716	0.995023284	0.154038548	0.125991167	FALSE	6.587462408	2.745117982	16.68286533	5.879869779	0.975425429	4.191466383	0.061873127	2	0.52	NA	NA	NA	NA	0.150046508	0.226139426	0.217873166	0.852387023	"unclassified"	-0.318000093	0.107465511	-0.208018032	"unclassified"	0.247441131	0.476042728	0.119205607
"SAM7657656"	15262.8	15262	"Male"	"Lung"	"Adenocarcinoma"	"Cancer"	"NSCLC"	"1"	"MUC"	0.881674192	0.118325808	0.266839857	0.367178453	FALSE	4.673589795	3.70801391	2.031796233	7.751136561	1.946369518	1.262901347	0.99774408	3	0.435294118	NA	NA	NA	NA	0.306920538	-0.807357766	-0.143651419	0.018938077	"KC"	2.565501769	-0.670509946	-1.054838751	"MUC"	0.549219864	-0.072943191	-0.790461983
"SAM7657657"	15262.9	15262	"Male"	"Lung"	"Adenocarcinoma"	"Cancer"	"NSCLC"	"2"	"PRO"	0.016386769	0.983613231	0.078422318	0.327696116	FALSE	6.128726348	2.002390474	22.94027528	7.140280545	0.855798544	1.947847098	0.197321965	3	0.638095238	NA	NA	NA	"GAIN"	0.005064619	-0.594646978	-0.487650914	-0.512819045	"KL"	0.0321987	0.860808979	-0.060653492	"unclassified"	0.196287128	0.05076678	-0.220111326
"SAM7657660"	15266.1	15266	"Male"	"Lung"	"Adenocarcinoma"	"Cancer"	"NSCLC"	"1"	"MUC"	0.982349223	0.017650777	0.424703201	-0.318247178	FALSE	6.082650879	4.997757054	2.157445826	6.376257894	2.385385899	5.182293674	2.246704411	2	0.629032258	NA	NA	NA	NA	-0.292397275	0.357819631	0.427846891	0.049341709	"KC"	0.944900721	-0.871702261	-0.736863641	"unclassified"	-0.169240758	-1.016515553	-0.215284091
"SAM7657661"	15266.2	15266	"Male"	"Lung"	"Adenocarcinoma"	"Cancer"	"NSCLC"	"2"	"PRO"	0.006028405	0.993971595	-0.122879242	0.135294861	TRUE	6.128020562	3.854882666	5.11836948	4.913693949	1.603999166	4.965248046	0.074172665	3	0.532467532	NA	"HOMDEL"	"HOMDEL"	"GAIN"	-0.389754172	0.26118484	0.13777579	-0.170346698	"KL"	0.283429822	1.159080328	0.296778323	"MUC"	1.486888444	1.174187404	-0.075276983
"SAM7657662"	15266.3	15266	"Male"	"Lung"	"Adenocarcinoma"	"Cancer"	"NSCLC"	"2"	"unclassified"	0.381245761	0.618754239	0.114113006	-0.184046142	TRUE	6.6729516	3.349076022	10.99430787	5.171460937	0.374655084	1.794837499	2.404724397	3	0.578947368	NA	NA	NA	NA	-0.270062344	1.020496698	0.281757426	-0.284506565	"KL"	0.246459703	0.754890394	-0.251982273	"unclassified"	-0.027349582	-0.507825442	-1.018394623
"SAM7657663"	15266.4	15266	"Male"	"Lung"	"Adenocarcinoma"	"Cancer"	"NSCLC"	"1"	"MUC"	0.96386782	0.03613218	0.281070171	-0.405286687	FALSE	5.91318143	4.298286132	3.173357001	1.460397982	0.070520792	0.138432123	2.724079435	3	0.5	"GAIN"	NA	NA	"HOMDEL"	-0.64969006	0.324860593	-0.021179505	-0.53890082	"KP"	0.356271803	0.238347334	1.105782684	"unclassified"	-0.411013899	-0.831538045	0.112857637
"SAM7657666"	15273.1	15273	"Male"	"Lung"	"Adenocarcinoma"	"Cancer"	"NSCLC"	"2"	"PRO"	0.005601725	0.994398275	0.502989007	-0.354219606	FALSE	6.417199996	0.536129535	187.6597409	2.607274682	0.407364029	1.872780033	0.074172665	3	0.579439252	NA	NA	NA	NA	-0.673414503	0.386130878	-0.691601031	-0.210999533	"unclassified"	-0.656077403	0.265189667	0.393411472	"PRO"	0.159313051	0.527893581	-0.143333226
"SAM7657667"	15273.2	15273	"Male"	"Lung"	"Adenocarcinoma"	"Cancer"	"NSCLC"	"1"	"MUC"	0.998805694	0.001194306	0.246462573	-0.137289959	TRUE	5.523546846	4.898816288	1.560718335	7.970730314	2.180291364	4.296171932	0.037581601	4	0.3984375	NA	NA	NA	NA	0.007176967	-0.106240677	0.391427511	1.105871861	"KC"	1.764976716	-1.215156902	-0.558596155	"unclassified"	0.243178066	-0.778818937	-0.121316055
"SAM7657668"	15273.3	15273	"Male"	"Lung"	"Adenocarcinoma"	"Cancer"	"NSCLC"	"1"	"MUC"	0.994058101	0.005941899	0.185620523	-0.326996187	TRUE	6.14310244	4.23395934	3.910535967	2.191391442	0.652023634	2.384090065	1.006819255	3	0.482352941	NA	NA	NA	NA	-0.581193038	0.945084561	-0.007420723	-0.054740908	"KP"	0.002217692	-0.272223799	0.654208916	"unclassified"	-0.632437	-0.525621252	-0.47711336
"SAM7657674"	15292.1	15292	"Male"	"Lung"	"Adenocarcinoma"	"Cancer"	"NSCLC"	"1"	"MUC"	0.962323045	0.037676955	0.398743936	-0.292156329	FALSE	6.400025227	4.85978949	2.976489667	4.326483173	0.910209471	3.576159944	3.265240233	3	0.431578947	NA	NA	NA	NA	-0.187678425	0.642819689	0.010154239	-0.552035827	"KP"	-0.340907719	-0.553494701	0.883725394	"unclassified"	-0.085446776	-1.103300248	-0.356305603
"SAM7657675"	15292.2	15292	"Male"	"Lung"	"Adenocarcinoma"	"Cancer"	"NSCLC"	"1"	"MUC"	0.994273934	0.005726066	0.323583232	-0.184838947	FALSE	5.838290621	5.059490897	1.737828565	7.418719858	2.649057337	5.635075227	3.22398574	3	0.587301587	NA	NA	NA	NA	-0.362717796	0.445231703	0.455740972	0.057525312	"KC"	0.539979764	-0.530006723	-0.07383733	"unclassified"	0.343682367	-1.295339134	0.467743143
"SAM7657676"	15292.3	15292	"Male"	"Lung"	"Adenocarcinoma"	"Cancer"	"NSCLC"	"1"	"MUC"	0.995502171	0.004497829	-0.245472906	-0.128766809	TRUE	6.230987279	5.068704454	2.276137585	4.674988541	3.048003866	5.054176419	0.24102434	3	0.416666667	NA	"HOMDEL"	NA	NA	0.085322556	0.405459808	0.277326135	-0.037537955	"KP"	0.639946845	-0.753580526	1.115521156	"unclassified"	-0.487287598	-0.313882947	-0.382433472
"SAM7657679"	15294.1	15294	"Male"	"Lung"	"Adenocarcinoma"	"Cancer"	"NSCLC"	"1"	"MUC"	0.936902763	0.063097237	0.046079083	0.709628501	FALSE	5.659210354	4.07364885	3.127603086	8.693403635	0.522321764	0.661324357	3.381647711	NA	NA	NA	NA	NA	NA	0.091574615	-1.317233221	-0.074785216	-0.559474416	"unclassified"	-0.339374072	-0.437248731	-0.301848553	"unclassified"	-0.208910649	-0.301849284	-0.271786744
"SAM7657680"	15294.2	15294	"Male"	"Lung"	"Adenocarcinoma"	"Cancer"	"NSCLC"	"2"	"PRO"	0.001130624	0.998869376	-0.450273926	0.356957176	TRUE	6.254699221	1.519811854	40.35132175	4.671876086	1.374399641	4.040569396	0	3	0.6015625	NA	NA	NA	NA	-0.331023453	0.095530372	-0.017120218	0.135757437	"KL"	-0.789312213	0.915292856	-1.450143126	"PRO"	-0.578441047	1.491795577	-1.625598361
"SAM7657682"	15294.4	15294	"Male"	"Lung"	"Adenocarcinoma"	"Cancer"	"NSCLC"	"2"	"unclassified"	0.125202057	0.874797943	-0.216018296	0.400955524	FALSE	6.26082882	3.236707129	8.98161313	6.925273741	1.30382579	3.66188225	0.992418177	3	0.615384615	NA	NA	NA	NA	0.515203211	-0.506645615	0.080250411	-0.471950934	"unclassified"	-0.429661558	0.20029322	-1.467593705	"unclassified"	-0.360626744	-0.330972091	-1.25057523
"SAM7657684"	15294.6	15294	"Male"	"Lung"	"Adenocarcinoma"	"Cancer"	"NSCLC"	"2"	"PRO"	0.007050081	0.992949919	-0.387471246	0.337424871	FALSE	6.345915536	1.090782078	71.10509389	4.497133466	0.14845618	0.991100076	0.588762212	3	0.696428571	NA	NA	NA	"GAIN"	0.948323091	-0.893385954	-0.555804487	-0.875185528	"unclassified"	-0.610202587	0.513999098	0.273600485	"unclassified"	0.039355011	-0.099947889	0.166700661
"SAM7657685"	15294.7	15294	"Male"	"Lung"	"Adenocarcinoma"	"Cancer"	"NSCLC"	"2"	"PRO"	0.002051605	0.997948395	0.286378783	0.622617094	FALSE	6.197570349	0.244119093	392.6519165	7.310433405	1.387043471	5.327602359	0.292578959	NA	NA	NA	NA	NA	NA	0.065197331	-0.896734938	-0.776485124	-0.514436456	"KL"	-0.493138215	1.989321575	-0.98849583	"unclassified"	0.109661319	0.140514248	-0.41456913
"SAM7657686"	15294.8	15294	"Male"	"Lung"	"Adenocarcinoma"	"Cancer"	"NSCLC"	"1"	"unclassified"	0.802891829	0.197108171	0.040031843	0.409860261	FALSE	5.734333433	4.414299383	2.570368729	6.452652029	2.228550942	4.809693436	0.809306883	3	0.494252874	NA	NA	NA	NA	0.582491515	-0.614959798	0.385930526	-0.289015761	"KL"	0.247352976	0.959315807	-0.587142569	"unclassified"	0.097508627	0.20161966	0.215472231
"SAM7657688"	15294.1	15294	"Male"	"Lung"	"Adenocarcinoma"	"Cancer"	"NSCLC"	"2"	"PRO"	0.007721494	0.992278506	-0.615025786	0.660422827	TRUE	5.774663372	1.652880107	25.06066867	7.411327049	0.605851209	1.281256521	0.384361664	2	0.556701031	NA	"HOMDEL"	"HOMDEL"	NA	0.713243801	-1.101359409	-0.164877469	-0.522820452	"KP"	-0.422452598	0.018546017	0.590971457	"PRO"	0.315051284	1.366638661	0.888781027
"SAM7657689"	15294.11	15294	"Male"	"Lung"	"Adenocarcinoma"	"Cancer"	"NSCLC"	"1"	"unclassified"	0.669435032	0.330564968	-0.207313511	0.414401539	FALSE	6.183521994	3.180086975	8.889532225	6.516437171	1.185270232	2.43733002	0.968065639	3	0.483516484	NA	NA	NA	NA	0.584118047	-0.595603277	0.024679274	-0.186936881	"KP"	-0.041060841	-0.730700648	1.024641215	"unclassified"	-0.884687726	-0.032190159	-0.061935098
"SAM7657690"	15294.12	15294	"Male"	"Lung"	"Adenocarcinoma"	"Cancer"	"NSCLC"	"2"	"PRO"	0.005843627	0.994156373	-0.82530567	0.280156281	FALSE	6.52193658	2.167936715	26.01647041	6.262887982	0.981930512	2.1701659	0.44882934	3	0.525773196	NA	NA	NA	"GAIN"	0.373079051	-0.443486866	0.233402258	-0.203721236	"KP"	-0.951610113	-0.072232969	1.073731232	"PRO"	-0.126142781	1.063405534	0.328556688
"SAM7657691"	15294.13	15294	"Male"	"Lung"	"Adenocarcinoma"	"Cancer"	"NSCLC"	"2"	"PRO"	0.000700957	0.999299043	-0.031255755	0.364543405	FALSE	6.932268317	0.448527811	332.1829993	4.51935276	0.078356008	0.939306823	0.100525115	3	0.489361702	NA	NA	NA	NA	1.412153922	-0.548602737	-0.305358387	-0.680192128	"KL"	-1.525497719	0.814562527	0.00225684	"unclassified"	-1.629405623	-0.9372783	0.232080107
"SAM7657693"	15294.15	15294	"Male"	"Lung"	"Adenocarcinoma"	"Cancer"	"NSCLC"	"1"	"MUC"	0.97719316	0.02280684	0.27274082	0.594031692	FALSE	2.642082496	0.392397589	16.77151224	8.223700791	0.41785358	0.565561446	3.645797783	3	0.542372881	NA	NA	NA	NA	-1.303094373	-2.941991544	-0.781423243	-0.494858989	"KC"	2.258146226	-0.031446564	-2.406537387	"MUC"	0.434166689	-0.778931962	-0.065026166
"SAM7657696"	15301.1	15301	"Male"	"Lung"	"Adenocarcinoma"	"Cancer"	"NSCLC"	"2"	"PRO"	0.008700216	0.991299784	-0.061423129	0.044007886	TRUE	6.998142207	0	Inf	1.870304262	0.039848456	0.097755807	0	3	0.376146789	"HOMDEL"	NA	NA	NA	-0.031151133	0.722788303	-0.369331467	-0.490180467	"KL"	-0.478853395	0.493539415	0.006248174	"unclassified"	0.47861135	0.362483544	-0.249168516
"SAM7657697"	15301.2	15301	"Male"	"Lung"	"Adenocarcinoma"	"Cancer"	"NSCLC"	"1"	"unclassified"	0.855744228	0.144255772	0.062370113	-0.438347151	TRUE	6.535773918	5.049823895	2.85707934	5.013619739	0.850367908	2.77028301	0.660959753	2	0.542168675	NA	NA	NA	NA	-0.661035353	0.694926151	-0.01860405	-0.410084434	"unclassified"	-0.630337575	-0.185659286	0.272900037	"unclassified"	0.183862201	-0.905065749	-0.670142124
"SAM7657698"	15301.3	15301	"Male"	"Lung"	"Adenocarcinoma"	"Cancer"	"NSCLC"	"1"	"MUC"	0.97475052	0.02524948	0.085647005	-0.371417723	FALSE	6.409930726	4.227190735	4.739833048	5.425653662	0.345163748	1.215330088	3.726906237	3	0.47706422	NA	NA	NA	NA	-0.268055346	0.536158512	-0.121683866	-0.274653444	"unclassified"	0.729559049	-0.360709526	0.775906841	"MUC"	0.625072059	-0.69487078	0.263809124
"SAM7657699"	15301.4	15301	"Male"	"Lung"	"Adenocarcinoma"	"Cancer"	"NSCLC"	"unclassified"	"unclassified"	0.400530231	0.599469769	0.345710748	-0.223748463	FALSE	6.47970158	1.710810942	38.81555373	0.913550745	0.139912442	0.942551233	1.468346513	3	0.59047619	NA	NA	NA	NA	0.225917196	0.840769531	-0.07752713	-0.398958239	"KP"	0.206331257	-0.983593462	1.622605946	"MES"	-0.705473265	-0.732433094	0.379087761
"SAM7657702"	15322.1	15322	"Male"	"Lung"	"Adenocarcinoma"	"Cancer"	"NSCLC"	"1"	"MUC"	0.999772279	0.000227721	0.674259806	-0.11520964	FALSE	5.062816649	5.597081682	0.683981721	6.980776972	1.402303685	3.429899606	1.581833748	3	0.454545455	NA	NA	NA	NA	-0.108233235	-0.473031131	0.069916774	0.479664975	"KC"	1.556922769	-0.881820838	-1.078235472	"unclassified"	-0.457219303	-1.854399624	-0.3439942
"SAM7657703"	15322.2	15322	"Male"	"Lung"	"Adenocarcinoma"	"Cancer"	"NSCLC"	"1"	"MUC"	0.987040025	0.012959975	0.152194738	-0.106395106	FALSE	6.001149125	4.349908953	3.251445315	1.784410463	0.896593873	2.424122722	0.813410104	3	0.405063291	NA	NA	NA	NA	0.243294336	0.806003027	0.254049817	0.342482541	"unclassified"	0.326817665	-1.027320781	0.242446734	"unclassified"	-0.594716201	-0.213627135	-0.298217935
"SAM7657706"	15353.1	15353	"Female"	"Lung"	"Adenocarcinoma"	"Cancer"	"NSCLC"	"1"	"MUC"	0.999077652	0.000922348	0.191694708	-0.272774823	FALSE	5.749433058	5.325264896	1.350541919	6.675900959	2.69505696	3.869099019	3.249496083	3	0.467889908	NA	NA	NA	"GAIN"	-0.159902263	-0.336976075	0.18958328	1.406758957	"KC"	1.570649553	-1.259961149	0.126297548	"unclassified"	0.491244744	-0.392236716	0.587050265
"SAM7657707"	15353.2	15353	"Female"	"Lung"	"Adenocarcinoma"	"Cancer"	"NSCLC"	"1"	"MUC"	0.981922093	0.018077907	-0.423693564	-0.119380573	FALSE	6.292669603	4.447281454	3.718090657	3.232596727	1.975097486	1.651558197	1.885884618	3	0.348623853	NA	NA	NA	NA	-0.004457948	0.769513853	-0.082832458	-0.560806114	"KP"	0.487372689	-0.266286593	1.213676784	"unclassified"	0.57312124	-0.392943369	0.328878846
"SAM7657708"	15353.3	15353	"Female"	"Lung"	"Adenocarcinoma"	"Cancer"	"NSCLC"	"1"	"MUC"	0.994032116	0.005967884	-0.232943371	-0.108391403	FALSE	5.657902123	5.362381546	1.23299149	5.321036219	2.936232728	5.655916789	2.086940915	3	0.326530612	NA	NA	NA	NA	-0.367835936	0.562341184	0.914993613	2.580670199	"KC"	0.870187296	-0.18926182	-0.218444645	"MUC"	0.505298769	-0.149236253	0.138882232
"SAM7657709"	15353.4	15353	"Female"	"Lung"	"Adenocarcinoma"	"Cancer"	"NSCLC"	"1"	"MUC"	0.977756091	0.022243909	0.400677065	-0.045230614	FALSE	5.678653933	4.928685793	1.704900057	5.193695829	2.831018944	6.777765104	0.066445499	3	0.493975904	NA	NA	NA	NA	-0.511401682	0.612268247	0.720117415	1.506174336	"KC"	1.288273514	0.421560407	-1.366704652	"MUC"	0.588002979	0.015559238	-1.042945626
"SAM7657712"	15369.1	15369	"Male"	"Lung"	"Adenocarcinoma"	"Cancer"	"NSCLC"	"2"	"PRO"	0.001538931	0.998461069	-0.050146201	0.459016134	FALSE	8.231070516	0.217816641	1837.543917	1.07699035	0.12496784	0	0	2	0.516853933	NA	NA	NA	"AMP"	0.33192202	0.024360574	-0.510744735	-0.528457242	"KL"	-2.104055805	1.889018401	0.542633193	"unclassified"	-0.712188111	0.569989451	0.280138679
"SAM7657713"	15369.2	15369	"Male"	"Lung"	"Adenocarcinoma"	"Cancer"	"NSCLC"	"1"	"MUC"	0.998012617	0.001987383	-0.009965103	-0.407496589	FALSE	5.819564339	5.451356862	1.297548524	8.286336934	1.185566053	2.653566684	3.64019982	2	0.530120482	NA	NA	NA	NA	-0.400986698	-0.070407577	0.28451976	-0.150530962	"KL"	0.187900499	0.523418198	-0.298375624	"MUC"	0.70929195	-0.768470973	0.020686001
"SAM7657714"	15369.3	15369	"Male"	"Lung"	"Adenocarcinoma"	"Cancer"	"NSCLC"	"2"	"PRO"	0.092882123	0.907117877	-0.268934272	0.411901779	TRUE	6.518568409	4.287569583	4.893980427	6.976022125	1.257711198	4.388191748	0.117026044	2	0.808510638	NA	"HOMDEL"	NA	"AMP"	0.04790625	-0.107512207	0.370022908	0.934605155	"KL"	-0.304312279	1.578271403	-1.34942726	"MUC"	0.875471153	0.530533047	-0.477852508
"SAM7657715"	15369.4	15369	"Male"	"Lung"	"Adenocarcinoma"	"Cancer"	"NSCLC"	"1"	"MUC"	0.991296148	0.008703852	-0.358811104	-0.118832475	FALSE	6.041514529	4.620954353	2.74793026	3.609802552	0.93714592	3.406246265	1.81023554	3	0.454545455	NA	NA	NA	NA	-0.105629049	0.759824846	0.678365248	1.301275765	"KP"	-0.743125521	-0.002435756	0.558840842	"unclassified"	-0.385444089	-0.023590674	-0.119149886
"SAM7657716"	15369.5	15369	"Male"	"Lung"	"Adenocarcinoma"	"Cancer"	"NSCLC"	"2"	"PRO"	0.063905606	0.936094394	-0.048106769	-0.03840127	FALSE	6.615141034	3.693983751	8.125075658	2.450565359	0.370265957	2.133155238	0.074172665	3	0.493670886	NA	NA	NA	NA	0.288289693	0.652859378	0.040647215	0.289797861	"unclassified"	-1.07515875	0.174028559	0.450968193	"unclassified"	-0.597183017	0.352309001	0.093061473
"SAM7657717"	15369.6	15369	"Male"	"Lung"	"Adenocarcinoma"	"Cancer"	"NSCLC"	"2"	"PRO"	0.120222626	0.879777374	0.061549081	-0.124011263	FALSE	6.339960316	3.330933969	8.828153532	3.572435908	1.196751926	4.589161463	0.320575103	3	0.494623656	NA	NA	NA	NA	0.115838898	0.583649113	0.328751633	0.847019048	"KP"	-0.176607616	0.205011972	1.107333056	"unclassified"	0.130234239	-0.310336976	0.332884757
"SAM7657718"	15369.7	15369	"Male"	"Lung"	"Adenocarcinoma"	"Cancer"	"NSCLC"	"unclassified"	"unclassified"	0.799129009	0.200870991	0.295056792	0.189165689	TRUE	6.299672209	5.075009036	2.377886224	5.066469038	2.682985498	5.787986152	0	3	0.514018692	NA	NA	NA	NA	-0.142691671	0.4878901	0.402802771	-0.403805764	"unclassified"	-0.201798899	0.18220025	-0.279430904	"MUC"	0.693028313	0.348010655	-0.980281574
"SAM7657719"	15369.8	15369	"Male"	"Lung"	"Adenocarcinoma"	"Cancer"	"NSCLC"	"2"	"PRO"	0.004438619	0.995561381	0.062529407	0.105386449	TRUE	7.188293538	1.602838668	71.0930013	3.794313583	0.559758815	2.074626566	0	3	0.469230769	NA	"HOMDEL"	NA	"GAIN"	0.438355925	-0.187825234	-0.581019771	0.154012981	"KL"	-1.016948052	1.383940971	0.319648484	"unclassified"	-0.28763161	0.439743288	0.719373873
"SAM7657722"	15378.1	15378	"Male"	"Lung"	"Adenocarcinoma"	"Cancer"	"NSCLC"	"1"	"MUC"	0.987513385	0.012486615	0.361108009	-0.242645098	FALSE	5.712110444	5.373381688	1.271183814	6.778370504	2.819349818	4.505258958	0.49438323	NA	0.542553191	NA	NA	NA	NA	0.053960023	-0.247701434	0.131129601	0.618388271	"KC"	2.358572305	-1.402108296	-0.206204242	"MUC"	0.545577258	-0.698640339	0.024037614
"SAM7657723"	15378.2	15378	"Male"	"Lung"	"Adenocarcinoma"	"Cancer"	"NSCLC"	"1"	"MUC"	0.999401625	0.000598375	0.265475151	-0.24915215	FALSE	5.860327464	5.567272472	1.230084601	7.511145193	0.337485481	1.634891709	3.872231465	NA	0.563106796	NA	NA	NA	NA	-0.028171247	-0.654684966	-0.280993698	0.278611884	"KC"	1.206577585	-1.412148821	-0.027336811	"MES"	0.068485603	-0.542559376	0.461606604
"SAM7657724"	15400.1	15400	"Male"	"Lung"	"Adenocarcinoma"	"Cancer"	"NSCLC"	"2"	"PRO"	0.023274881	0.976725119	0.364816267	0.173003766	TRUE	6.334893975	3.330279607	8.801250543	7.871829075	0.605091477	1.645609259	0.317012374	3	0.621621622	NA	NA	NA	"AMP"	0.342462733	-0.91633467	0.136912447	0.258462179	"unclassified"	0.340143643	0.132341942	-1.299697659	"unclassified"	0.343630578	0.422498616	0.440488474
"SAM7657727"	15412.1	15412	"Male"	"Lung"	"Adenocarcinoma"	"Cancer"	"NSCLC"	"1"	"unclassified"	0.652698213	0.347301787	-0.424663042	-0.171092716	FALSE	6.251344847	3.553548712	6.999023799	4.335354396	0.623670147	2.811169828	1.52318581	3	0.378947368	NA	NA	NA	NA	0.374797845	0.736997706	0.372405005	0.837543991	"KP"	0.094384182	-1.650593256	0.570534157	"unclassified"	-0.117733715	0.134660093	0.158012146
"SAM7657728"	15412.2	15412	"Male"	"Lung"	"Adenocarcinoma"	"Cancer"	"NSCLC"	"2"	"PRO"	0.119410484	0.880589516	-0.056111374	0.004219386	TRUE	6.304334153	3.119079152	10.14918638	4.763445488	0.690935828	2.296547534	0.686498879	3	0.405405405	NA	"HOMDEL"	NA	NA	-0.189355851	0.21863393	-0.044346011	0.257753458	"KL"	-0.110851825	0.35445748	-0.408310483	"unclassified"	0.42479401	0.651177801	0.265818023
"SAM7657729"	15412.3	15412	"Male"	"Lung"	"Adenocarcinoma"	"Cancer"	"NSCLC"	"1"	"MUC"	0.999461726	0.000538274	0.984983393	-0.529221994	FALSE	4.917762822	5.37596654	0.721177691	8.884397612	0.066011169	0.880073723	4.417114591	3	0.654205607	NA	NA	NA	NA	-0.362256546	-1.133112086	-0.21695758	-0.076759411	"KC"	1.341885649	-0.343835708	-0.733811414	"unclassified"	0.038174158	-1.346506355	0.273596423
"SAM7657730"	15412.4	15412	"Male"	"Lung"	"Adenocarcinoma"	"Cancer"	"NSCLC"	"1"	"unclassified"	0.295677824	0.704322176	0.214823127	-0.179562962	FALSE	6.273593366	4.288687632	4.117896397	4.603650314	1.854216261	4.113541792	0.234049964	3	0.431372549	NA	NA	NA	NA	0.390968745	0.632667371	0.5775808	1.362014149	"KC"	0.444816909	-0.335127253	-0.067657006	"unclassified"	0.367452148	0.310943449	-0.372893325
"SAM7657733"	15417.1	15417	"Female"	"Lung"	"Adenocarcinoma"	"Cancer"	"NSCLC"	"2"	"PRO"	0.058381749	0.941618251	0.25554701	-0.259309402	FALSE	6.560456016	3.173202494	11.64309155	1.907953897	0.998415894	3.2285604	0.074172665	3	0.563636364	NA	NA	NA	NA	-0.191175134	0.894793012	-0.013988589	0.394787799	"unclassified"	-0.623425846	0.816285656	1.077014928	"unclassified"	-0.011428175	0.141564299	-0.255086171
"SAM7657734"	15417.2	15417	"Female"	"Lung"	"Adenocarcinoma"	"Cancer"	"NSCLC"	"1"	"MUC"	0.952046142	0.047953858	0.019694826	-0.327613198	FALSE	6.251434067	4.640943935	3.139300572	3.521340441	1.609618791	4.367300247	1.753139516	3	0.380530973	NA	NA	NA	NA	0.270275157	0.745607169	0.486307299	1.069466969	"KP"	0.563529131	-0.782798583	0.993133066	"MES"	-0.125833207	0.287437988	0.714006449
"SAM7657735"	15417.3	15417	"Female"	"Lung"	"Adenocarcinoma"	"Cancer"	"NSCLC"	"1"	"MUC"	0.954778085	0.045221915	-0.003567012	-0.356125734	FALSE	6.633457649	3.564000862	9.077553154	3.146968119	0.555842189	0.680185946	2.438035787	3	0.567010309	NA	NA	NA	NA	0.510386894	0.569805919	-0.413452358	-0.117753265	"KP"	0.008611096	-0.780873647	1.886301876	"MES"	-0.134090235	-0.011330508	0.556963463
"SAM7657736"	15417.4	15417	"Female"	"Lung"	"Adenocarcinoma"	"Cancer"	"NSCLC"	"1"	"MUC"	0.956585689	0.043414311	0.180641077	-0.048093976	TRUE	5.911634542	4.526773154	2.684546988	7.599884294	2.747669728	4.665503565	1.621442499	3	0.614457831	NA	NA	NA	NA	0.096169283	0.359937045	0.021839003	-0.337825145	"KC"	0.963561835	-0.445932402	-0.545229697	"MUC"	0.793472914	-0.42445619	-0.088517363
"SAM7657739"	15419.1	15419	"Male"	"Lung"	"Adenocarcinoma"	"Cancer"	"NSCLC"	"2"	"PRO"	0.006035494	0.993964506	-0.314986382	0.226088055	TRUE	6.811503815	1.600626577	54.76450736	1.788350228	1.416240445	3.446741363	0	3	0.522222222	"HOMDEL"	"HOMDEL"	NA	NA	-0.395001821	0.69111967	-0.101010338	0.913236153	"unclassified"	-1.194179395	0.073509139	-1.222761009	"PRO"	0.317230745	0.842484919	-0.993032859
"SAM7657740"	15419.2	15419	"Male"	"Lung"	"Adenocarcinoma"	"Cancer"	"NSCLC"	"2"	"PRO"	0.018424205	0.981575795	0.735666827	0.045653078	FALSE	5.949600334	2.000045643	20.26674561	4.881933878	0.477426376	2.68485752	0.094296247	2	0.947368421	NA	NA	"HOMDEL"	"GAIN"	-0.697824403	-0.117640509	-0.309956085	0.871835836	"KL"	0.319595288	0.876946721	-1.368477972	"PRO"	-0.087449368	0.519516238	-1.230948827
"SAM7657741"	15419.3	15419	"Male"	"Lung"	"Adenocarcinoma"	"Cancer"	"NSCLC"	"1"	"MUC"	0.985245388	0.014754612	0.537264956	-0.331907778	FALSE	6.24084009	5.427194705	1.775674352	7.679313721	1.281793816	3.116104817	4.019815725	3	0.43442623	NA	NA	NA	NA	-0.157802599	-0.158754366	0.295104257	0.244358292	"unclassified"	0.190613016	-0.263715633	-0.756067595	"unclassified"	-0.450671224	-0.455855104	-0.087559661
"SAM7657744"	15424.1	15424	"Male"	"Lung"	"Adenocarcinoma"	"Cancer"	"NSCLC"	"2"	"PRO"	0.006423965	0.993576035	-0.054370348	-0.086879793	FALSE	7.340354144	0.560655761	339.1097723	3.552865049	1.168946375	2.681884982	0.095916416	3	0.908256881	"GAIN"	NA	NA	"AMP"	-0.235169068	0.015881245	-0.27056558	-0.292277414	"KL"	-1.520297784	1.096991583	0.052848035	"PRO"	-0.379066357	1.247334492	-0.782205042
"SAM7657745"	15424.2	15424	"Male"	"Lung"	"Adenocarcinoma"	"Cancer"	"NSCLC"	"2"	"PRO"	0.001563281	0.998436719	0.131485939	0.129967363	TRUE	7.291567532	0.987336374	158.4373653	1.955996332	0.499659401	2.191158735	0.074172665	3	0.567901235	NA	"HOMDEL"	"HOMDEL"	"AMP"	-0.820193997	-0.269147962	-0.491220787	-0.416167986	"KL"	-0.845541047	1.408860769	-1.35819928	"PRO"	-0.029990196	1.70259201	-0.396959737
"SAM7657746"	15424.3	15424	"Male"	"Lung"	"Adenocarcinoma"	"Cancer"	"NSCLC"	"1"	"MUC"	0.890839305	0.109160695	0.530753201	-0.22245314	FALSE	6.219319385	4.752382046	2.832326239	7.915227571	1.890451813	5.141896613	2.13990402	3	0.394366197	NA	NA	NA	"GAIN"	0.292222708	0.17185711	0.183629997	-0.068054156	"KC"	0.804447652	-0.284992593	-0.615420372	"unclassified"	0.403187833	-0.383165069	0.134590847
"SAM7657747"	15424.4	15424	"Male"	"Lung"	"Adenocarcinoma"	"Cancer"	"NSCLC"	"2"	"PRO"	0.072718317	0.927281683	0.711326782	0.333841286	FALSE	5.57666085	3.043661422	6.448496563	5.531588949	1.070278765	4.345028397	0.622373596	3	0.560344828	NA	NA	NA	NA	0.123796055	-0.242773826	-0.502630788	-0.305194501	"KC"	2.157881791	0.290673155	-1.255625258	"PRO"	0.652840668	1.327320696	-1.009298108
"SAM7657748"	15424.5	15424	"Male"	"Lung"	"Adenocarcinoma"	"Cancer"	"NSCLC"	"2"	"PRO"	0.001615185	0.998384815	0.611179509	-0.16726618	FALSE	6.448005099	0.281218863	401.0097387	3.48907766	1.345735302	3.913500741	0	4	0.531746032	NA	NA	NA	"AMP"	-0.253063834	0.226911097	-0.804310762	-0.161262031	"KL"	0.073376844	2.498589797	-0.555015537	"PRO"	-0.022944598	0.372464482	-0.198356476
"SAM7657751"	15426.1	15426	"Male"	"Lung"	"Adenocarcinoma"	"Cancer"	"NSCLC"	"1"	"MUC"	0.999359401	0.000640599	-0.01260907	-0.588678654	FALSE	6.146539598	5.656201913	1.412962521	4.083460126	2.293926676	4.981759384	0.515309562	3	0.382608696	NA	NA	NA	NA	-0.211387294	0.005681161	0.36853696	-0.325997148	"KP"	-0.006419926	0.025325543	0.725514562	"MES"	-0.019141589	-1.493711514	0.785326708
"SAM7657755"	15428.1	15428	"Male"	"Lung"	"Adenocarcinoma"	"Cancer"	"NSCLC"	"1"	"MUC"	0.980377029	0.019622971	-0.945920591	-0.226529957	FALSE	6.507509071	4.407322707	4.45024509	3.130901049	0.429948335	2.469414024	2.343401339	4	0.418367347	NA	NA	NA	NA	0.06365882	-0.068934595	0.235939441	0.569185626	"KP"	-0.892336499	0.896004071	1.986179976	"unclassified"	-2.050394553	0.407344959	0.68020069
"SAM7657756"	15428.2	15428	"Male"	"Lung"	"Adenocarcinoma"	"Cancer"	"NSCLC"	"1"	"MUC"	0.998470624	0.001529376	-0.058463154	0.142820932	FALSE	5.30354419	4.59433306	1.662328242	7.647401092	1.117343718	4.7878791	1.766705517	3	0.57	NA	NA	NA	NA	-0.136037459	-0.506164633	0.210126748	-0.16966184	"unclassified"	0.401282502	0.630851428	-2.272654731	"unclassified"	-0.148177372	-1.032930134	-0.838144115
"SAM7657757"	15428.3	15428	"Male"	"Lung"	"Adenocarcinoma"	"Cancer"	"NSCLC"	"2"	"PRO"	0.111845552	0.888154448	-0.648794615	0.045128997	TRUE	6.777234948	3.001611225	15.50676122	3.188980404	0.319578345	2.686848479	0.383846104	3	0.5	NA	"HOMDEL"	"HOMDEL"	NA	0.363297271	-0.169488839	0.123022961	-0.909810623	"KL"	-2.887305222	0.836403527	-1.450092664	"unclassified"	-2.042749169	0.030328029	-0.713898679
"SAM7657760"	15430.1	15430	"Male"	"Lung"	"Adenocarcinoma"	"Cancer"	"NSCLC"	"2"	"PRO"	0.113928359	0.886071641	-1.004164333	0.152194406	FALSE	6.853909731	3.404691106	11.95701855	1.818883862	0.286609677	1.246142572	0.074172665	3	0.351351351	NA	NA	NA	"GAIN"	0.195347021	0.775278713	-0.148946055	-0.352362485	"KP"	-1.519037712	-2.210360652	2.589184993	"unclassified"	-1.413228148	0.990029203	0.727983537
"SAM7657761"	15430.3	15430	"Male"	"Lung"	"Adenocarcinoma"	"Cancer"	"NSCLC"	"1"	"MUC"	0.994764617	0.005235383	-0.295880092	-0.209059688	FALSE	6.328174978	4.473222607	3.740794426	1.624984509	0.299470793	1.435701583	3.17119048	3	0.495867769	NA	NA	NA	NA	-0.15461207	0.36873062	-0.117551613	-0.118571346	"KP"	-0.727032522	-1.594402673	2.470539598	"MES"	-1.394976844	-0.592588695	0.417704967
"SAM7657763"	15430.5	15430	"Male"	"Lung"	"Adenocarcinoma"	"Cancer"	"NSCLC"	"1"	"MUC"	0.975014504	0.024985496	-0.070148895	-0.1228817	FALSE	5.933963632	5.157040794	1.734045324	7.107823663	1.449983646	3.972894183	0.258575741	3	0.541666667	NA	NA	NA	NA	0.115488141	-0.051632376	0.54053642	-0.014095867	"unclassified"	-0.014870264	0.010704469	-0.622571173	"MUC"	0.938776678	-0.232108658	-0.009215973
"SAM7657764"	15430.6	15430	"Male"	"Lung"	"Adenocarcinoma"	"Cancer"	"NSCLC"	"1"	"unclassified"	0.642870375	0.357129625	0.846389298	0.70438872	FALSE	5.005539653	1.914730255	11.23402313	8.028663675	2.492287291	3.585232359	2.256653243	3	0.666666667	NA	NA	NA	NA	-0.443390774	-0.575277968	-0.414584258	-0.034396472	"KC"	2.58337772	0.243842775	-1.723270506	"MUC"	0.840173624	0.1958484	-0.840732618
"SAM7657767"	15433.1	15433	"Female"	"Lung"	"Adenocarcinoma"	"Cancer"	"NSCLC"	"1"	"MUC"	0.935475159	0.064524841	-0.320532824	-0.116544987	FALSE	6.039326151	4.650605079	2.685572793	5.311428227	1.598394053	4.188208409	2.632462533	3	0.371681416	NA	NA	NA	NA	0.323967716	0.071838208	0.477292174	1.073189244	"KP"	0.556619658	-1.453194701	1.256550269	"MES"	-0.104221405	0.268705801	0.857544666
"SAM7657768"	15433.2	15433	"Female"	"Lung"	"Adenocarcinoma"	"Cancer"	"NSCLC"	"2"	"unclassified"	0.45397311	0.54602689	-0.107637095	-0.013289641	FALSE	6.657015491	3.19445247	12.25317691	1.698090437	0.554730234	3.345929728	1.366394947	3	0.533980583	NA	NA	NA	NA	0.939150731	0.215691723	0.093099249	0.298667463	"KP"	-0.460548384	-0.581536652	2.947928285	"MES"	-0.67815449	0.158676776	1.063828944
"SAM7657769"	15433.3	15433	"Female"	"Lung"	"Adenocarcinoma"	"Cancer"	"NSCLC"	"1"	"MUC"	0.966154777	0.033845223	-0.304576177	-0.033050509	FALSE	6.161852771	3.682876071	5.961334606	7.493928779	0.965696628	2.660730796	3.364085038	3	0.614035088	NA	NA	NA	NA	-0.003811472	-0.299803783	0.118678713	-0.454402805	"KP"	0.462748338	-0.813402017	2.13789193	"MES"	0.878175461	0.164275481	1.399170696
"SAM7657770"	15433.4	15433	"Female"	"Lung"	"Adenocarcinoma"	"Cancer"	"NSCLC"	"1"	"MUC"	0.984437777	0.015562223	-0.148090757	0.062457245	FALSE	6.208454479	4.130295527	4.417848707	5.510119762	0.21691057	0.918771326	2.451111239	3	0.539130435	NA	NA	NA	"GAIN"	0.353990069	0.055413267	0.09503006	-0.291692751	"KP"	-0.168865346	-1.408978793	1.806409038	"MES"	-0.308662407	-0.533794728	0.827775968
"SAM7657771"	15433.5	15433	"Female"	"Lung"	"Adenocarcinoma"	"Cancer"	"NSCLC"	"2"	"PRO"	0.0006725	0.9993275	-0.466466579	0.821842974	TRUE	6.857598784	0.22599718	677.9433096	4.866560251	1.242872571	2.926051287	0	3	0.536842105	NA	"HOMDEL"	NA	"GAIN"	0.008486542	-0.081327973	-0.014297563	-0.414841725	"KP"	0.135800253	0.046380712	1.68414821	"PRO"	1.242398604	2.101082161	1.274380639
"SAM7657774"	15465.1	15465	"Female"	"Lung"	"Adenocarcinoma"	"Cancer"	"NSCLC"	"2"	"PRO"	0.001916121	0.998083879	-0.253171354	0.311569688	TRUE	6.551375166	0.853191185	115.0548259	2.730914333	0.967230089	3.817357817	0.120183129	3	0.469387755	NA	"HOMDEL"	NA	NA	-0.767794155	-0.038599464	-0.319828396	-0.218261286	"KL"	-0.984027794	1.422613259	-0.775602823	"PRO"	0.763957039	1.914501127	-0.015888921
"SAM7657775"	15465.2	15465	"Female"	"Lung"	"Adenocarcinoma"	"Cancer"	"NSCLC"	"1"	"MUC"	0.922350683	0.077649317	-0.01681888	-0.23802077	FALSE	5.809330573	4.104717603	3.398845767	1.216791738	0.36899114	1.878638221	1.220213067	3	0.410714286	NA	NA	NA	NA	-0.461886764	0.614001907	0.211747217	0.844933122	"KP"	0.295166878	-0.024404719	1.488754686	"unclassified"	0.247530336	-0.810665652	0.433017294
"SAM7657776"	15465.3	15465	"Female"	"Lung"	"Adenocarcinoma"	"Cancer"	"NSCLC"	"1"	"MUC"	0.999240555	0.000759445	-0.34736688	-0.308289277	FALSE	5.927553604	5.259430282	1.604793858	5.375098085	3.517075543	6.073647769	1.970095588	3	0.372881356	NA	NA	NA	NA	-0.324359131	0.251298805	0.40436704	0.608506873	"unclassified"	0.539769991	-0.249915756	0.576088608	"MES"	-0.080151206	-1.657230283	0.651486321
"SAM7657779"	15480.1	15480	"Male"	"Lung"	"Adenocarcinoma"	"Cancer"	"NSCLC"	"2"	"PRO"	0.06418812	0.93581188	0.217068158	-0.21743864	FALSE	6.271263499	2.920199811	11.60502427	4.366883251	1.044774597	3.489648792	0.253287129	2	0.730769231	NA	NA	NA	"GAIN"	0.325767508	0.171876447	-0.162163026	0.747546988	"unclassified"	0.765217581	-0.353105087	0.467440448	"unclassified"	0.285976313	0.617195259	0.384564976
"SAM7657780"	15480.2	15480	"Male"	"Lung"	"Adenocarcinoma"	"Cancer"	"NSCLC"	"2"	"PRO"	0.023256265	0.976743735	0.081803866	0.042027125	FALSE	7.152931271	1.340360904	92.23252983	2.123273672	1.331423415	2.905217472	0.074172665	3	0.571428571	NA	NA	NA	NA	0.082130911	0.38384555	-0.09730531	-0.273537438	"KL"	-0.895485041	0.505465342	-0.520023276	"PRO"	-0.33734329	0.309659783	-0.981936981
"SAM7657781"	15480.3	15480	"Male"	"Lung"	"Adenocarcinoma"	"Cancer"	"NSCLC"	"1"	"MUC"	0.986082359	0.013917641	0.189417678	-0.594067722	FALSE	6.577981175	4.970861186	3.113835973	0.982822725	1.266696731	2.820110393	2.607895038	3	0.534482759	NA	NA	NA	NA	-0.071389256	0.971379208	-0.019540043	-0.347189799	"KP"	0.225365988	-0.521251609	0.906798916	"unclassified"	-0.30661651	-0.469209883	-0.387527969
"SAM7657782"	15480.4	15480	"Male"	"Lung"	"Adenocarcinoma"	"Cancer"	"NSCLC"	"1"	"unclassified"	0.614760176	0.385239824	-0.487067805	-0.434673285	FALSE	6.342290715	3.169258215	10.02235366	2.09890085	0.585147867	1.573608279	0.074172665	2	0.435643564	NA	NA	NA	NA	0.341385056	0.750733881	-0.078024503	-0.310723363	"KP"	-0.152710043	-1.237139404	0.993817047	"unclassified"	-0.612440262	0.125408282	-0.123240165
"SAM7657785"	15488.1	15488	"Female"	"Lung"	"Adenocarcinoma"	"Cancer"	"NSCLC"	"2"	"PRO"	0.078007227	0.921992773	-0.249731787	0.116609666	FALSE	6.407093218	4.013425322	5.535776957	6.741081044	1.711695123	5.629024915	0.886989541	3	0.454545455	NA	NA	NA	NA	-0.41762421	0.235216526	0.567650154	-0.484584958	"KP"	-0.560552733	0.274865635	0.815433126	"unclassified"	1.527123914	0.684639249	1.544148678
"SAM7657786"	15488.2	15488	"Female"	"Lung"	"Adenocarcinoma"	"Cancer"	"NSCLC"	"1"	"MUC"	0.947241713	0.052758287	1.015302568	0.213185134	TRUE	3.910631137	5.06803243	0.431368122	7.192024829	2.076502771	2.248580281	0.398011596	3	0.618181818	NA	"HOMDEL"	NA	NA	-0.17059734	-1.260004687	-0.790233974	0.497132481	"KC"	3.952894666	-0.550708278	-3.321155937	"unclassified"	1.063332154	1.001217943	-0.92769052
"SAM7657787"	15488.3	15488	"Female"	"Lung"	"Adenocarcinoma"	"Cancer"	"NSCLC"	"1"	"MUC"	0.994363347	0.005636653	0.478964949	-0.250709185	FALSE	5.70455961	5.469975371	1.180643254	7.525884802	1.633509783	2.390301318	3.332991852	3	0.536082474	NA	NA	NA	NA	-0.317591829	-0.326105748	0.107550743	-0.193029794	"KC"	0.943586681	-0.383861898	-0.798002784	"unclassified"	0.198475289	-1.167129564	0.052720829
"SAM7657788"	15488.4	15488	"Female"	"Lung"	"Adenocarcinoma"	"Cancer"	"NSCLC"	"2"	"PRO"	0.018181889	0.981818111	-0.06322684	0.244380335	FALSE	6.871637756	2.544744592	24.01284951	4.778928765	0.781274204	2.013626915	0.013958068	3	0.382022472	NA	NA	NA	"GAIN"	0.221194372	0.389645242	-0.117568057	-0.430848541	"KP"	-0.578257892	0.189775497	0.572626424	"unclassified"	0.486694977	0.042922089	0.698394048
"SAM7657789"	15488.5	15488	"Female"	"Lung"	"Adenocarcinoma"	"Cancer"	"NSCLC"	"1"	"MUC"	0.998465099	0.001534901	0.00285619	-0.137173467	FALSE	5.871684359	5.273690011	1.527240036	6.509815419	1.363792916	2.392482935	3.904918136	3	0.466666667	NA	NA	NA	"GAIN"	-0.587040688	0.207598696	0.283581961	-0.35195446	"KP"	0.230219183	0.3740918	1.163198547	"MES"	-0.099054485	-1.388312781	0.562920649
"SAM7657790"	15488.6	15488	"Female"	"Lung"	"Adenocarcinoma"	"Cancer"	"NSCLC"	"1"	"MUC"	0.99966274	0.00033726	1.086022631	-0.058827901	FALSE	4.745915527	5.669678085	0.517656723	8.045596851	1.934983033	2.467092043	3.438246525	3	0.552238806	NA	NA	NA	NA	-0.75543591	-1.656933575	-0.085836704	0.487598926	"KC"	1.829940756	-1.581544277	-2.123793552	"unclassified"	0.134861206	-1.259901956	0.211757268
"SAM7657792"	15488.8	15488	"Female"	"Lung"	"Adenocarcinoma"	"Cancer"	"NSCLC"	"1"	"MUC"	0.922353075	0.077646925	-0.441608069	-0.084550214	FALSE	5.498765151	3.792085517	3.440245115	7.588226789	0.941643714	3.759056529	2.98425416	3	0.421875	NA	NA	NA	NA	-0.400367023	-0.385844722	0.438921416	0.382667898	"KP"	1.268324521	-1.97602078	1.868433844	"unclassified"	1.148461709	0.273029554	1.135193993
"SAM7657793"	15488.9	15488	"Female"	"Lung"	"Adenocarcinoma"	"Cancer"	"NSCLC"	"2"	"PRO"	0.062542935	0.937457065	-0.628440945	0.201158725	FALSE	6.830531857	3.010417665	15.98387407	0.95400531	0.082357566	0.529171069	0.152955164	2	0.551020408	"HOMDEL"	NA	NA	NA	0.570581678	0.710808026	-0.048174535	-0.32441223	"KP"	-1.598565765	-2.02336761	4.528371883	"MES"	-1.162497885	0.972384192	1.578540578
"SAM7657794"	15488.1	15488	"Female"	"Lung"	"Adenocarcinoma"	"Cancer"	"NSCLC"	"1"	"MUC"	0.995785906	0.004214094	-1.762207879	-0.250236703	FALSE	2.669047738	1.945194505	1.8801425	4.078475604	0.188180016	0.567735738	0	2	0.375	NA	NA	NA	NA	-1.378212339	-2.039099982	-1.172598462	-0.333774199	"KC"	1.63275694	-1.264202018	0.050342192	"MES"	-0.839879684	0.928942992	2.208870511
"SAM7657797"	15493.1	15493	"Male"	"Lung"	"Adenocarcinoma"	"Cancer"	"NSCLC"	"1"	"MUC"	0.998838342	0.001161658	0.164398794	-0.108472907	FALSE	5.919226657	5.389038708	1.454974695	7.16925337	1.673330606	2.52633643	3.093845028	3	0.481927711	NA	NA	NA	"HOMDEL"	-0.058934878	-0.479251571	0.058687129	-0.324257877	"unclassified"	0.089304722	-0.158407317	-0.315771063	"unclassified"	-0.127774855	-1.568957148	0.233173252
"SAM7657798"	15493.2	15493	"Male"	"Lung"	"Adenocarcinoma"	"Cancer"	"NSCLC"	"1"	"MUC"	0.97742082	0.02257918	-0.411144958	-0.287566824	FALSE	6.43801338	4.854937568	3.067523784	4.753288554	0.964457734	4.20478263	0.415448854	3	0.344827586	NA	NA	NA	NA	0.119298636	0.45387366	0.543778874	0.708907644	"unclassified"	-1.294580482	-0.202113552	-0.628914722	"unclassified"	-0.855730352	-0.012064802	-0.420837068
"SAM7657799"	15493.3	15493	"Male"	"Lung"	"Adenocarcinoma"	"Cancer"	"NSCLC"	"1"	"MUC"	0.99845908	0.00154092	0.762059667	-0.185753097	FALSE	5.103734668	5.270879689	0.887694613	8.299179276	1.387907861	4.618103725	2.037663612	3	0.590909091	NA	NA	NA	"HOMDEL"	-0.417423063	-0.416529619	0.417484923	0.648251592	"KC"	0.686221887	0.026026001	-1.503426366	"unclassified"	-0.016789217	-2.029764947	-0.238626844
"SAM7657800"	15493.4	15493	"Male"	"Lung"	"Adenocarcinoma"	"Cancer"	"NSCLC"	"2"	"unclassified"	0.294663575	0.705336425	-0.144400076	-0.05819449	FALSE	6.267574514	3.22648987	9.096072803	5.786920408	0.459692093	4.849263401	0	4	0.4875	NA	NA	NA	NA	0.56165233	-0.032214142	-0.13135608	-0.748045926	"KL"	-0.571982559	1.352645961	-0.513926674	"unclassified"	-0.109145561	-0.065210412	-0.401657625
"SAM7657801"	15493.5	15493	"Male"	"Lung"	"Adenocarcinoma"	"Cancer"	"NSCLC"	"2"	"PRO"	0.000917885	0.999082115	0.820444227	0.257710574	TRUE	6.490700395	0.855535776	109.8650327	5.005451182	0.630017281	3.923802981	0	3	0.6	NA	NA	"HOMDEL"	"GAIN"	-0.062551557	0.292865118	-0.15816137	-0.720733668	"KL"	-0.949925581	1.392488105	-3.131650714	"MUC"	0.677023114	0.274937707	-1.492560579
"SAM7657802"	15493.6	15493	"Male"	"Lung"	"Adenocarcinoma"	"Cancer"	"NSCLC"	"2"	"PRO"	0.042016914	0.957983086	0.184457048	0.044151492	FALSE	6.615069413	0.506411813	230.7288441	1.874237473	0.475738592	2.756333262	0.018853521	3	0.507936508	"GAIN"	NA	NA	NA	-0.063918044	0.781558724	-0.134583094	-0.522268681	"unclassified"	-0.957318723	-0.071326959	0.130709521	"unclassified"	-1.288684016	0.249459672	-0.4064948
"SAM7657805"	15527.1	15527	"Female"	"Lung"	"Adenocarcinoma"	"Cancer"	"NSCLC"	"2"	"PRO"	0.00467441	0.99532559	0.350508989	-0.234442777	TRUE	6.713587198	2.172535652	29.63159666	3.559346546	1.590598277	5.055056251	0	3	0.347826087	NA	NA	NA	"GAIN"	1.10256146	-0.332634392	-0.222305076	-0.416701281	"KL"	-0.738518725	1.655285815	-0.785096191	"unclassified"	0.069764717	0.201133119	-0.313610835
"SAM7657806"	15527.2	15527	"Female"	"Lung"	"Adenocarcinoma"	"Cancer"	"NSCLC"	"2"	"PRO"	0.00357279	0.99642721	0.184258671	0.138557092	FALSE	6.070639288	1.549036266	34.37394562	1.888503667	1.383174101	4.746165359	0	3	0.44047619	NA	NA	NA	"GAIN"	-0.06769022	0.101934893	-0.578733161	-0.720816898	"KL"	-1.201718837	2.07715238	-3.232333301	"PRO"	-0.322937551	0.311741699	-1.433682784
"SAM7657809"	15531.1	15531	"Male"	"Lung"	"Adenocarcinoma"	"Cancer"	"NSCLC"	"2"	"PRO"	0.000676219	0.999323781	-0.117435031	0.074926121	TRUE	7.05781863	0.214743447	823.9006384	4.193810794	0.652845496	0.784706653	0.017183794	4	0.595744681	NA	NA	NA	"GAIN"	0.345511406	-0.146067748	-0.453760495	-0.709348679	"KL"	-2.142834018	1.475803974	-0.577942911	"unclassified"	-0.592201096	0.245517292	-0.000513674
"SAM7657810"	15531.2	15531	"Male"	"Lung"	"Adenocarcinoma"	"Cancer"	"NSCLC"	"2"	"PRO"	0.020731622	0.979268378	-0.397037425	0.289741761	FALSE	5.883942802	2.64438537	11.05292091	7.351713698	1.345723383	3.914062921	0.031662786	3	0.386363636	"HOMDEL"	NA	NA	NA	0.06812574	-0.173820571	0.139106392	-0.184214683	"KP"	-0.494638163	-0.397428794	0.620847542	"PRO"	-0.166602741	1.435861672	0.569549797
"SAM7657811"	15531.3	15531	"Male"	"Lung"	"Adenocarcinoma"	"Cancer"	"NSCLC"	"2"	"PRO"	0.093557524	0.906442476	-0.458406472	-0.177605487	TRUE	6.482226021	3.929872291	6.20759131	5.659939192	1.226997636	3.694298338	0.785412216	3	0.36	NA	NA	NA	NA	0.436606933	-0.067817958	-0.115478244	-0.645019617	"unclassified"	-1.671699406	-0.039201896	-0.153054961	"unclassified"	-1.036071071	-0.189377509	-0.089855718
"SAM7657812"	15531.4	15531	"Male"	"Lung"	"Adenocarcinoma"	"Cancer"	"NSCLC"	"2"	"PRO"	0.073137809	0.926862191	-0.479889803	0.129624378	TRUE	5.84274684	3.734573566	4.580428082	7.935870949	2.087514133	4.451257288	1.385585257	3	0.486842105	NA	"HOMDEL"	NA	NA	-0.134748991	-0.284593721	0.143564636	-0.12936292	"unclassified"	-0.113497416	-0.269752411	-1.479232521	"MUC"	0.698961015	0.185751538	-0.221894484
"SAM7657814"	15531.6	15531	"Male"	"Lung"	"Adenocarcinoma"	"Cancer"	"NSCLC"	"1"	"MUC"	0.905219199	0.094780801	-0.286545153	-0.4283315	FALSE	5.940291143	4.764805964	2.30675502	6.602659547	0.678560504	3.496161	1.880031934	3	0.329268293	NA	NA	NA	NA	0.146901667	-0.124116445	0.263317908	-0.401934323	"unclassified"	-1.019102972	0.138503562	-0.625756884	"unclassified"	-0.020026027	-0.480328221	-0.054484838
