PDX model	Source	DIAGNOSIS	KRAS	PIK3CA	KEAP1	EGFR	BRAF	ALK	PTEN	NF1	STK11	CDKN2A	TP53	STAGE	GRADE	Subtype	score.MUC	score.PRO	score.MES	KEAP1_z.scored_expression	STK11_z.scored_expression	Mucinous_differentiation_signature	STK11_deficiency_signature	MAPK_signature
LUN013	GenenDesign	SCC	WT	WT	WT	WT	WT	WT	WT	WT	WT	G52A	R148S	NA	NA	PRO	0.320866886	0.645337604	-0.211006893	0.122593367	-0.704316139	-0.417458631	0.072550118	0.195271119
LUN020	GenenDesign	Adeno	G12D	A1035T	WT	WT	27-34	WT	WT	WT	WT	WT	G55C	NA	NA	MES	-0.678028652	-0.5627506	1.105352778	-0.428892484	-0.127245956	-0.037672165	-0.143963685	0.650501126
LUN023	GenenDesign	Adeno	WT	WT	WT	WT	D594N	WT	WT	WT	Stop199	WT	R210P	NA	NA	PRO	-0.266125728	0.475062155	-0.851376682	-0.547130426	-4.206182107	0.38808488	0.119233781	-0.063426477
LUN024	GenenDesign	Adeno	WT	WT	WT	WT	WT	WT	WT	WT	WT	NA	NA	NA	NA	unclassified	0.133147185	-0.031857332	-0.370938183	-2.929293407	0.545550121	-0.489779531	-0.110903968	1.004835696
LUN025	GenenDesign	SCC	WT	WT	WT	WT	WT	WT	I33S	WT	WT	NA	NA	NA	NA	unclassified	-0.011210716	-0.215269891	-0.21940554	0.981086078	0.00642498	-0.48851365	-0.207404287	-0.323417198
LUN026	GenenDesign	SCC	WT	WT	WT	WT	WT	WT	WT	WT	WT	WT	G113C	NA	NA	MUC	0.341309386	-0.324054879	-0.065892289	0.775602165	0.039346567	-0.397709086	0.075608852	-0.615690394
LUN034	GenenDesign	Adeno	WT	WT	WT	WT	WT	WT	WT	WT	WT	WT	WT	NA	NA	unclassified	-0.320206614	0.85875325	0.735016165	-0.841215684	0.250529218	-0.434190422	0.240308912	-0.473172346
LUN035	GenenDesign	SCC	WT	WT	WT	WT	WT	WT	WT	WT	WT	NA	NA	NA	NA	PRO	-0.294547888	0.578942942	0.017234514	-0.81115204	0.000773528	-0.495899215	-0.462944999	-0.394968436
LUN037	GenenDesign	Adeno	K117N	WT	Y572C	WT	WT	G129V	WT	WT	WT	HOMDEL	WT	NA	NA	unclassified	0.589625638	0.649813121	-1.448781797	0.337242387	-0.341558433	2.042741461	1.139429801	0.977571221
LUN038	GenenDesign	SCC	WT	WT	WT	WT	WT	WT	WT	WT	WT	E61X	E162X	NA	NA	MES	-0.144593916	-0.206966648	0.480442663	-1.07318017	-0.789919719	-0.346393679	-0.045542179	-0.21216438
LUN046	GenenDesign	SCC	WT	WT	WT	WT	WT	WT	WT	WT	WT	NA	NA	NA	NA	unclassified	0.249073128	-0.318958946	0.206715562	0.518532084	0.779440779	-0.491099004	0.082627269	-1.016952446
LUN048	GenenDesign	SCC	WT	WT	WT	WT	WT	WT	WT	WT	WT	HOMDEL	P169fs	NA	NA	unclassified	0.431976332	0.358311838	-0.378113915	0.471463948	0.153805508	-0.486081757	-0.088506366	-0.153070845
LUN051	GenenDesign	SCC	WT	WT	WT	WT	WT	WT	WT	WT	WT	WT	WT	NA	NA	MUC	0.381212799	-0.011337828	-0.162111921	-0.597436514	-0.80136868	0.453571451	-0.002243656	0.016791376
LUN055	GenenDesign	SCC	G12C	WT	WT	WT	WT	WT	WT	WT	WT	HOMDEL	WT	NA	NA	MUC	0.567618809	0.065559303	-1.6642541	-0.153593744	-0.302443112	1.021656091	0.552223973	0.690361067
LUN060	GenenDesign	SCC	WT	WT	WT	WT	WT	"P157T,158FS"	WT	WT	WT	G55D	R26L	NA	NA	MUC	0.396814671	-0.253583153	-0.283303842	1.294979052	0.46182877	-0.487341215	0.13150549	-0.418552309
LUN066	GenenDesign	Adeno	WT	K733R	WT	WT	WT	WT	WT	WT	WT	HOMDEL	WT	NA	NA	MUC	0.774276735	-0.773445037	-0.300438744	0.337256311	1.201242269	0.121701868	0.06241473	-0.105316559
LUN074	GenenDesign	SCC	WT	E542K	WT	WT	WT	WT	WT	S1249F	WT	WT	L72Q	NA	NA	unclassified	0.298098349	0.243178123	0.196744276	0.797268585	0.539122723	-0.383646462	-0.181012184	-0.628201483
LUN083	GenenDesign	SCC	WT	WT	WT	WT	WT	WT	WT	WT	WT	WT	G78fs	NA	NA	unclassified	0.289277285	-0.559516804	-0.041222713	0.233032025	0.51260497	-0.098497483	-0.132416106	-0.184542727
LUN085	GenenDesign	SCC	WT	WT	WT	WT	WT	WT	WT	WT	WT	WT	G112C	NA	NA	MUC	0.840739735	-0.51520421	0.242387915	0.045354053	-0.021744332	-0.293459965	0.019937159	-0.329256678
LUN089	GenenDesign	SCC	WT	WT	WT	WT	WT	WT	WT	WT	WT	WT	V140E	NA	NA	MUC	0.357130506	-0.078546583	-0.829697268	0.120256419	-0.783914436	-0.446429657	0.007746094	0.139371608
LUN092	GenenDesign	Adeno	G12C	WT	WT	WT	WT	Q364K	WT	WT	WT	WT	E39X	NA	NA	PRO	-1.243128453	1.499206349	0.969815339	-0.732605036	0.146057871	0.151089113	-0.070458795	0.637936088
LUN095	GenenDesign	SCC	WT	WT	WT	WT	WT	WT	WT	WT	WT	WT	P58L	NA	NA	unclassified	0.100656087	0.380245874	-0.226270532	1.543629662	0.534954041	-0.432570337	-0.0261885	0.149174375
LUN097	GenenDesign	SCC	WT	WT	WT	WT	WT	WT	WT	WT	WT	HOMDEL	R81X	NA	NA	unclassified	0.131409178	-0.596249163	-0.285418447	-0.042610544	-0.958469749	-0.475571032	-0.172383418	-0.314974239
LUN105	GenenDesign	Adeno	WT	D1017H	WT	WT	WT	WT	WT	WT	WT	WT	E92X	NA	NA	unclassified	-0.526125955	0.338030617	0.126808067	-0.598608232	-3.12340363	-0.357670853	0.191384712	0.406132164
LUN109	GenenDesign	Adeno	WT	WT	WT	WT	WT	WT	WT	WT	WT	NA	NA	NA	NA	MES	-1.844139119	-0.75693921	1.079718141	-0.182350395	1.782707882	-0.492374105	-0.075354968	0.689235861
LUN112	GenenDesign	SCC	WT	WT	WT	WT	WT	WT	WT	WT	WT	WT	R151P	NA	NA	unclassified	0.157052381	0.041490512	0.38730324	-0.06036948	0.156251063	-0.303674242	-0.210921108	-0.640518166
LUN118	GenenDesign	Adeno	Q61H	WT	WT	WT	WT	WT	WT	WT	WT	WT	E211X	NA	NA	MES	-0.110745494	-1.109414965	0.729532955	-0.302467755	0.109317434	-0.466556416	0.127467428	0.080786984
LUN120	GenenDesign	SCC	WT	WT	E493Q	WT	WT	WT	WT	WT	WT	WT	V84M	NA	NA	MUC	0.557032479	-0.292343603	-0.017046685	0.672942783	0.516337906	0.422840701	0.002526536	-0.217274414
LUN123	GenenDesign	Adeno	WT	WT	WT	WT	WT	WT	WT	WT	WT	WT	V142F	NA	NA	MES	-1.076061148	-1.232241856	0.344546092	0.122052837	0.856728228	0.269555923	-0.189233571	0.067224205
LUN124	GenenDesign	Adeno	G13D	WT	WT	WT	WT	WT	WT	WT	WT	WT	G22V	NA	NA	MES	-0.743449714	-1.371778551	0.781162671	-0.76136204	1.018450153	-0.434400966	-0.233681494	0.462800213
LUN132	GenenDesign	Adeno	WT	WT	WT	745-750	WT	WT	WT	WT	WT	C72Y	C9Y	NA	NA	MES	-0.58393065	-1.306434947	2.03596425	-0.436335209	-0.298829751	-0.173259645	0.146817206	0.433043978
LUN134	GenenDesign	SCC	A146T	WT	A248T	WT	N512K	G640E	WT	A2037T	WT	HOMDEL	C106W	NA	NA	MUC	0.697270526	0.055050502	-0.108725469	-0.847571024	-0.701858815	0.563243497	-0.111718281	-0.110723406
LUN137	GenenDesign	Adeno	G12D	WT	WT	A21T	WT	WT	WT	WT	WT	WT	G147V	NA	NA	MES	-2.077525403	-0.573954542	1.289552986	-0.728996668	0.20830926	-0.463189616	0.029498405	0.24161863
LUN139	GenenDesign	SCC	WT	WT	WT	WT	WT	WT	WT	WT	WT	WT	Q35X	NA	NA	unclassified	0.122990294	-0.34344135	0.224913614	0.676297274	-0.161595741	-0.485299923	-0.098300895	0.184291396
LUN142	GenenDesign	Adeno	WT	WT	V271M	WT	WT	WT	WT	WT	WT	WT	G147fs	NA	NA	PRO	0.530801325	1.17951676	-0.136409552	0.596837895	-0.817066286	0.148296618	0.482982767	-0.242633995
LUN143	GenenDesign	SCC	WT	WT	WT	WT	WT	WT	WT	WT	WT	WT	Q185X	NA	NA	MUC	0.818490593	-0.893232538	-0.238401521	0.349002771	0.27241696	-0.249149291	-0.038711671	-0.371915343
LUN144	GenenDesign	Adeno	WT	WT	WT	745-750	WT	WT	WT	WT	WT	WT	P45R	NA	NA	PRO	-1.368514746	0.707175904	-0.186183464	-0.037739067	-0.079434427	0.347826517	-0.10520479	0.382412628
LUN148	GenenDesign	SCC	WT	WT	WT	WT	WT	WT	WT	WT	WT	WT	L13Q	NA	NA	PRO	0.261737559	0.578673179	-0.768483678	-0.389022284	0.538196442	-0.106720067	0.005887229	0.175436539
LUN150	GenenDesign	SCC	WT	WT	WT	WT	WT	WT	WT	Stop2216	WT	WT	WT	NA	NA	MES	0.456912935	-0.487845777	0.803153624	-0.562127599	-0.00119467	-0.449278782	-0.104145655	-0.180292536
LUN155	GenenDesign	Adeno	WT	WT	WT	746-750	WT	WT	WT	WT	WT	H166Y	C106F	NA	NA	PRO	-0.047865484	0.498240317	-0.757856026	0.412252057	-0.184935737	0.594855354	0.225471712	-0.029074753
LUN156	GenenDesign	Adeno	G12C	WT	WT	WT	WT	WT	WT	WT	WT	HOMDEL	WT	NA	NA	MES	-0.258072657	-1.188017813	1.495560134	-0.495348347	0.491809166	0.145397778	-0.117570662	0.310839925
LUN157	GenenDesign	Adeno	G12R	WT	WT	WT	WT	WT	WT	WT	279FS	NA	NA	NA	NA	MUC	1.75150233	0.900570336	-1.042273043	-5.158697231	-1.792392078	1.440961691	0.652610065	0.694088611
LUN159	GenenDesign	SCC	WT	WT	WT	WT	WT	WT	WT	WT	WT	A102E	R24L	NA	NA	unclassified	0.348960583	0.474842979	-0.561962952	-1.354142167	-1.675490152	0.435802134	-0.091184198	0.273356011
LUN166	GenenDesign	Adeno	WT	WT	WT	L858R	WT	WT	WT	WT	WT	HOMDEL	L125Q	NA	NA	MES	0.285627772	-0.159131197	0.598160282	-0.471017304	-0.275757144	-0.438917121	-0.153431154	-0.142481249
LUN167	GenenDesign	SCC	WT	WT	WT	WT	WT	WT	WT	WT	WT	HOMDEL	P146R	NA	NA	unclassified	0.132740106	-0.214016647	-0.404067459	0.844105753	0.027726954	-0.420967183	0.137643522	0.082633874
LUN174	GenenDesign	Adeno	WT	WT	WT	WT	WT	WT	WT	WT	81FS	WT	R141H	NA	NA	unclassified	-0.5574282	-0.050043688	-0.547141611	-0.716515255	-1.441061607	-0.136742761	0.078172259	-0.017784036
LUN176	GenenDesign	Adeno	WT	I338S	WT	WT	WT	WT	WT	WT	WT	WT	V140M	NA	NA	PRO	-1.952602362	1.869503265	-1.411959159	-0.030074277	0.927401536	2.188513426	-0.049064815	-0.352561476
LUN177	GenenDesign	Adeno	WT	WT	WT	WT	WT	WT	WT	WT	WT	WT	R71L	NA	NA	unclassified	0.186027367	-0.408106853	0.108846339	0.367578078	0.245455239	-0.402568509	0.02532947	-0.060181973
LUN178	GenenDesign	SCC	WT	WT	WT	WT	WT	WT	Stop314	WT	WT	WT	E154K	NA	NA	PRO	-0.192460259	0.576597554	-0.328698318	-0.013718749	-0.937332894	1.132911957	-0.25525552	-0.344858817
LUN184	GenenDesign	Adeno	WT	WT	WT	WT	WT	WT	WT	WT	WT	WT	R117S	NA	NA	unclassified	0.890110413	0.682056247	-0.486079039	0.213841535	0.478032098	2.328551525	0.370934749	0.550840172
LUN186	GenenDesign	SCC	WT	E542K	WT	WT	WT	WT	WT	WT	WT	HOMDEL	H47R	NA	NA	unclassified	0.26171065	-0.255867679	-0.073258924	1.343662349	0.042340388	-0.474973776	-0.060966951	-0.591190832
LUN187	GenenDesign	SCC	WT	WT	WT	WT	D22N	WT	WT	E1034D	WT	HOMDEL	N92I	NA	NA	unclassified	-1.033148512	0.198024645	-0.611723492	0.006776298	0.541311494	-0.25545966	0.044313785	-1.180889385
LUN206	GenenDesign	Adeno	WT	WT	WT	WT	WT	WT	WT	R135Q	WT	NA	NA	NA	NA	MES	-0.818749297	-1.76047802	0.474123267	-0.338411987	1.236278796	0.577282382	-0.132766269	0.333752312
LUN207	GenenDesign	SCC	WT	E888Q	WT	WT	WT	WT	WT	WT	WT	WT	T16fs	NA	NA	unclassified	0.451514464	-0.473027546	0.322928922	0.461219388	0.150262313	-0.387394163	-0.145912141	-0.040640269
LUN210	GenenDesign	SCC	WT	WT	WT	L858R	WT	WT	108-110	WT	WT	WT	C3F	NA	NA	MES	-0.13006815	-0.356664948	0.496030949	-0.493625248	-0.899590633	-0.198163695	-0.01680485	0.280852036
LUN216	GenenDesign	SCC	WT	WT	WT	WT	WT	WT	WT	WT	WT	E120X	G112C	NA	NA	unclassified	0.417427779	0.282072857	-0.134866519	1.247824576	0.106601676	-0.196857385	-0.138354251	-0.676730802
LUN232	GenenDesign	Adeno	G12D	WT	WT	WT	D22N	WT	317-318FS	WT	WT	V25G	R174X	NA	NA	MUC	1.627999547	-0.075718204	-0.898756992	0.035126143	0.746057665	2.318157402	-0.411224606	0.097649575
LUN233	GenenDesign	LCLC	WT	WT	WT	WT	WT	WT	WT	WT	WT	HOMDEL	WT	NA	NA	unclassified	0.166424725	-0.068672806	-0.014252969	-0.177302445	0.56411853	-0.447368578	-0.194759243	0.102293425
LUN244	GenenDesign	SCLC	WT	WT	WT	WT	WT	WT	WT	WT	WT	WT	G193X	NA	NA	PRO	-1.442928416	1.871301649	-0.557934426	0.609746754	2.057850344	-0.205734336	-0.168266602	-1.063464439
LUN250	GenenDesign	SCC	WT	E542K	WT	WT	WT	Y67C	WT	WT	WT	WT	L35fs	NA	NA	unclassified	0.361271654	-0.084860017	0.286099356	-0.05409953	0.383532971	-0.361215515	-0.081731729	-0.168362043
LUN253	GenenDesign	SCC	WT	E545K	WT	WT	WT	WT	WT	WT	WT	WT	R43H	NA	NA	PRO	0.070566786	0.401252739	-0.592427069	0.925642789	-0.123190965	-0.453492493	-0.153699342	0.021027613
LUN259	GenenDesign	SCC	WT	WT	F111L	WT	WT	WT	WT	WT	WT	HOMDEL	E166X	NA	NA	unclassified	-0.049260595	0.436198607	0.389092271	2.660561174	0.158311139	-0.264731934	0.095857006	-0.528214159
LUN260	GenenDesign	LCLC	WT	WT	WT	WT	WT	WT	WT	WT	WT	WT	R26L	NA	NA	unclassified	0.291421494	0.390864918	0.485043987	-0.002485533	0.476523162	-0.062888584	-0.3973544	-0.092434422
LUN262	GenenDesign	SCC	WT	WT	WT	WT	WT	WT	WT	WT	WT	WT	Q4X	NA	NA	PRO	-0.097426403	0.761069032	0.407506702	0.398176309	-0.113501461	-0.187151814	-0.411707358	-0.834744419
LUN272	GenenDesign	SCC	WT	WT	WT	WT	WT	A1068P	WT	WT	WT	WT	WT	NA	NA	unclassified	0.374829862	0.088432991	0.586414212	-0.933879875	0.749719679	0.156145895	-0.246771126	0.628053276
LUN279	GenenDesign	Adeno	WT	WT	WT	WT	WT	WT	WT	WT	WT	WT	C106X	NA	NA	MUC	1.259240299	-0.088542607	-2.097203545	-0.162841072	-3.086767529	0.993009931	0.916208977	0.013163582
LUN293	GenenDesign	SCC	G13D	WT	WT	P644L	WT	WT	WT	WT	WT	WT	R148I	NA	NA	MUC	0.450199012	-0.28614939	-0.392775544	-0.19798338	1.146274812	0.649311217	-0.120733665	1.166905565
LUN295	GenenDesign	SCC	WT	WT	WT	WT	WT	WT	WT	WT	WT	V25G	H47R	NA	NA	unclassified	0.06715037	0.078320762	-0.107221132	1.009643683	0.253567331	-0.464856701	-0.163098324	0.30024266
LUN325	GenenDesign	SCC	WT	WT	WT	WT	WT	WT	WT	WT	WT	WT	R141P	NA	NA	unclassified	-0.04638968	-0.114068831	0.063699961	1.06904686	-0.43856449	-0.447416705	-0.058094949	0.349991507
LUN326	GenenDesign	SCC	WT	WT	WT	WT	WT	WT	WT	WT	WT	HOMDEL	R151P	NA	NA	unclassified	-0.051798305	0.164250494	0.257150386	0.230501488	0.459884117	-0.026512776	0.49255518	-0.055371441
LUN331	GenenDesign	SCC	WT	WT	WT	WT	WT	WT	WT	WT	WT	WT	R43H	NA	NA	unclassified	-0.328421719	0.128324265	0.067597204	0.397833044	0.714624115	-0.44610265	0.19519027	-0.485089303
LUN335	GenenDesign	SCC	WT	WT	WT	WT	WT	WT	62FS	WT	WT	WT	186_190del	NA	NA	MES	-0.21003553	-0.908204266	0.738275776	-0.360184172	0.645348985	-0.453045782	0.011981357	0.070857975
LUN343	GenenDesign	SCC	WT	WT	WT	WT	WT	S260C	Stop150	WT	WT	WT	L133P	NA	NA	unclassified	0.408969171	0.163485165	-0.490766919	0.818723706	0.043949151	-0.283167258	-0.010728759	0.260421998
LUN351	GenenDesign	SCC	WT	H1047R	Q284L	WT	WT	WT	WT	WT	WT	WT	40_41del	NA	NA	unclassified	0.210666122	0.259405223	-0.16894004	1.844834819	1.154498711	-0.459764685	-0.316470623	-0.252727836
LUN352	GenenDesign	Adeno	G12V	WT	WT	WT	D22N	WT	317-318FS	WT	WT	NA	NA	NA	NA	MES	-0.469501637	-0.567617844	0.796646432	-0.087904303	0.868132641	-0.474136348	-0.142387799	-0.003171362
LUN355	GenenDesign	LCLC	WT	WT	WT	"T790M,L858R"	WT	WT	WT	WT	WT	WT	P20fs	NA	NA	unclassified	-0.845389907	0.995394689	1.144107379	-0.780235823	-0.110879017	-0.257991203	0.113161098	0.795271003
LU-01-0002	WuXi	Large cell carcinoma	WT	WT	WT	WT	c.G1406C	WT	WT	WT	WT	WT	c.G626A	T2N0M0		MES	0.217746192	-0.409963614	1.288189007	0.163234663	0.664194833	0.026025422	-0.024934179	0.817442439
LU-01-0004	WuXi	Squamous cell carcinoma	WT	WT	WT	WT	WT	WT	WT	WT	WT	WT	c.G626T	T2N0M0	G2/G3	PRO	-1.236589982	0.433756617	-0.139718749	0.698392	-0.52460219	0.184992178	-0.087712952	-0.516205654
LU-01-0005	WuXi	Squamous cell carcinoma	WT	WT	WT	WT	WT	WT	WT	WT	WT	HOMDEL	c.A590G	T2N0M0	G2	PRO	-0.289730903	0.576664188	-0.543018504	0.938537384	0.466896986	0.421676136	0.135402455	-0.41355963
LU-01-0006	WuXi	Squamous cell carcinoma	WT	WT	WT	WT	WT	WT	WT	WT	WT	c.C238T	c.G617T	T2N0M0	G2	PRO	0.044093453	0.394018069	0.086306506	0.331982957	0.075065402	-0.197172404	0.07487369	-0.142100936
LU-01-0007	WuXi	Squamous cell carcinoma	WT	WT	WT	WT	WT	WT	WT	WT	WT	WT	c.615delC	T2N0M0	G3	MES	0.012060112	-0.989524106	0.37980149	-0.382790305	-0.241304464	-0.039830569	0.026733155	-0.383968785
LU-01-0008	WuXi	Squamous cell carcinoma	WT	WT	c.C1411G	WT	WT	c.C2210T	c.G895T	WT	WT	WT	c.G555T	T2N2M0	G2/G3	unclassified	0.261060921	-0.000185876	-0.426332401	0.265326665	-0.445421522	-0.390858841	-0.236971662	-0.619878674
LU-01-0009	WuXi	Adenosquamous carcinoma	WT	WT	WT	c.C2675G	WT	WT	WT	WT	WT	HOMDEL	WT	T2N1M0	G1/G2	MES	0.172944331	-0.529775139	0.560947203	-0.704510189	0.052379316	0.113980897	0.22093646	0.30255492
LU-01-0010	WuXi	Adenocarcinoma	WT	c.G1633A	c.C1408T	WT	WT	WT	WT	WT	WT	HOMDEL	c.T464G	T2N0M0	G3	PRO	0.072142197	1.185405661	-0.69113256	0.015988555	0.561806305	-0.08307805	0.111368064	-0.087181209
LU-01-0011	WuXi	Squamous cell carcinoma	WT	WT	WT	WT	WT	WT	WT	WT	WT	WT	c.T692C	T2N0M0	G2	MUC	0.429888935	-0.124268005	-0.000624995	0.552053438	-0.188558239	-0.333313766	-0.130790036	0.262173992
LU-01-0016	WuXi	Adenosquamous carcinoma	WT	WT	c.1258delG	WT	WT	WT	WT	WT	WT	WT	c.G630T	T3N0M0	G2/G3	PRO	0.016633665	1.397755481	-1.038402311	-1.770317163	-0.691872627	0.905013858	0.355847831	0.594808896
LU-01-0016_PDC	WuXi	Adenosquamous carcinoma	WT	WT	WT	WT	WT	WT	WT	WT	WT	WT	c.G630T	T3N0M0	G2/G3	PRO	-0.27424756	1.229128042	-1.264624594	-2.080849437	-0.884089467	0.650580209	-0.023227969	0.465625865
LU-01-0021	WuXi	Squamous cell carcinoma	WT	c.C2270G	WT	WT	WT	WT	WT	WT	WT	WT	WT	T2N0M0	G2	unclassified	-0.056828728	0.358637668	0.120847842	1.203605789	0.476909899	-0.356111848	-0.054405053	-0.070036294
LU-01-0022	WuXi	Squamous cell carcinoma	WT	c.G1633A	WT	WT	WT	WT	WT	WT	WT	WT	c.G352T	T2N0M0	G2	unclassified	-0.042141167	-0.332317653	0.117918401	1.015880919	0.486987408	-0.145846988	0.053346711	-0.006142483
LU-01-0023	WuXi	Squamous cell carcinoma	WT	WT	WT	WT	WT	WT	WT	WT	WT	WT	c.G350C	T3N2M0	G2/G3	unclassified	0.184552059	-0.283912554	0.193357472	0.456857833	0.183405457	-0.379081693	0.025351179	0.173531788
LU-01-0023_PDC	WuXi	Squamous cell carcinoma	WT	WT	WT	WT	WT	WT	WT	WT	WT	WT	c.G350C	T3N2M0	G2/G3	unclassified	0.158299131	-0.848779919	0.191489821	-0.081384138	0.032289922	-0.321488586	0.045290386	0.125392316
LU-01-0025	WuXi	Squamous cell carcinoma	WT	WT	WT	WT	WT	WT	WT	WT	WT	WT	WT	T2N0M0	G2	MUC	1.121385059	-1.169675277	-0.674109314	0.192172295	0.205776855	0.665247414	-0.175585122	-0.282281361
LU-01-0026	WuXi	Squamous cell carcinoma	WT	WT	WT	WT	WT	WT	WT	WT	WT	c.G358T	c.T464G	T2N1M0	G2	unclassified	0.415808981	-0.536245034	0.545408725	0.052227644	-0.417876814	-0.392932129	-0.225064289	0.153231996
LU-01-0027	WuXi	Adenosquamous carcinoma	WT	WT	WT	c.C2506T	WT	c.C2175G	WT	c.G5489T	c.C1062G	WT	c.C359T	T2N2M0	G3	PRO	0.141279284	1.009607448	-0.522783035	-4.234844781	-2.978032005	1.21931133	0.521144139	0.042561284
LU-01-0027_PDC	WuXi	Adenosquamous carcinoma	WT	WT	WT	c.C2506T	WT	c.C2175G	WT	c.G5489T	c.C1062G	WT	c.C359T	T2N2M0	G3	MUC	0.904871897	0.192016651	-0.682625728	-4.222754039	-2.422149091	2.577366451	0.22092852	0.246473836
LU-01-0030	WuXi	Adenocarcinoma	c.G34T	WT	WT	WT	WT	WT	WT	c.G5160T	WT	HOMDEL	WT	T3N3M0	G2/G3	MUC	0.363305825	-0.698634846	-0.20540145	-0.151231381	0.697270388	-0.39499708	-0.289400248	0.762264759
LU-01-0031	WuXi	Squamous + SCLC	WT	WT	WT	WT	WT	WT	WT	WT	WT	WT	c.G521T	T4N1M0	G3	unclassified	0.244397213	0.405311883	-0.107535594	-0.724078487	-0.089968089	-0.235750517	0.038592319	-2.21E-05
LU-01-0032	WuXi	Squamous cell carcinoma	WT	WT	WT	WT	WT	WT	WT	WT	WT	c.332delG	WT	T2bN1M0	G2	unclassified	-0.160030048	0.515417748	0.251444802	0.871391994	-0.122134802	-0.375518916	-0.34495266	-0.2060426
LU-01-0034	WuXi	Adenocarcinoma	c.G35T	WT	WT	WT	WT	WT	WT	WT	WT	HOMDEL	c.G521T	T2N2M0	G3	MES	-1.224833082	-2.00761375	2.954295428	-0.093303529	0.407935908	-0.342175038	0.124930661	0.578709928
LU-01-0034_PDC	WuXi	Adenocarcinoma	c.G35T	WT	WT	WT	WT	WT	WT	WT	WT	HOMDEL	c.G521T	T2N2M0	G3	MES	-1.479800502	-1.769924908	2.680130949	-0.384021963	0.317793095	-0.273562692	-0.117709562	0.660088624
LU-01-0036	WuXi	Squamous cell carcinoma	WT	WT	WT	WT	WT	WT	WT	WT	WT	WT	WT	T2N1M0	G2	MUC	0.540714302	-0.119619433	-0.280567328	0.091954022	-0.720052705	-0.139754548	-0.129522258	0.215591093
LU-01-0037	WuXi	Squamous cell carcinoma	c.G35T	WT	WT	WT	WT	WT	WT	WT	WT	c.G58C	c.T932C	T3N2M0	G2/G3	unclassified	0.27818418	-0.325652309	-0.150788192	0.138752784	-0.621582573	-0.311199712	-0.205757665	0.614365793
LU-01-0038	WuXi	Squamous cell carcinoma	WT	WT	WT	WT	WT	WT	WT	WT	WT	c.C238T	c.G617T	T2N2M0	G3	unclassified	0.03303583	0.08204983	0.038363425	0.631724815	-0.102883435	-0.382205404	-0.14890688	-0.121560695
LU-01-0039	WuXi	Squamous cell carcinoma	WT	WT	WT	WT	WT	WT	WT	WT	WT	HOMDEL	c.G893T	T3N0M0	G2	PRO	0.034810461	0.401193484	-0.104086264	0.909551338	0.405884063	-0.230534694	0.042837146	-0.074675054
LU-01-0044	WuXi	Lung sarcomatoid carcinoma	WT	WT	c.G1055A	WT	WT	WT	WT	c.C1634T	WT	WT	WT	T2N0M0	G2	unclassified	-0.365957912	-0.13747562	-0.580751806	-2.400362924	0.14960614	-0.401059122	-0.424493117	1.073281899
LU-01-0045	WuXi	Squamous cell carcinoma	WT	WT	WT	WT	WT	WT	WT	WT	WT	WT	c.G67T	T4N2M0	G2	unclassified	0.40581874	0.235240618	0.076167392	0.680114417	0.031085554	-0.139886004	-0.037097465	0.274424646
LU-01-0046	WuXi	Adenocarcinoma	c.G34T	WT	WT	WT	WT	WT	WT	WT	WT	c.64delC	WT	T2N2M0	G2/G3	unclassified	-1.086569556	-0.004334545	0.122940916	-0.46755637	-0.122020335	-0.404750894	0.04345796	0.311256919
LU-01-0046_PDC	WuXi	Adenocarcinoma	c.G34T	WT	WT	WT	WT	WT	WT	WT	WT	WT	WT	T2N2M0	G2/G3	unclassified	-1.041440164	0.078679071	0.107789661	-0.749032457	0.28301587	-0.025599871	0.157643457	0.852458946
LU-01-0047	WuXi	Squamous cell carcinoma	WT	c.C3001G	c.G404A	WT	WT	WT	WT	WT	WT	WT	c.G739T	T3N2M0	G3	unclassified	0.130642284	-0.172058478	0.331293467	0.608103491	-0.236355114	-0.398444529	-0.121313974	0.044002926
LU-01-0048	WuXi	Squamous cell carcinoma	WT	WT	WT	WT	WT	WT	WT	WT	WT	WT	c.A386C	T2N0M0	G2	unclassified	0.103371415	-0.721239918	-0.014035933	0.721955435	0.511525713	-0.344033539	0.095677987	-0.13170872
LU-01-0051	WuXi	Squamous cell carcinoma	WT	WT	c.G25A	WT	WT	WT	WT	WT	WT	c.G262T	WT	T2N1M0	G2/G3	PRO	0.319610578	0.731050875	-0.353023478	0.384338862	0.295569182	-0.245246389	0.143161306	-0.889688447
LU-01-0053	WuXi	Squamous cell carcinoma	WT	WT	WT	WT	WT	WT	WT	WT	WT	c.G322C	c.G736A	T3N2M0	G2/G3	unclassified	-0.132336893	0.592151386	0.387462053	0.372320417	0.525598202	-0.339195992	-0.150173375	-0.01871696
LU-01-0054	WuXi	Large cell carcinoma	WT	WT	c.G1603T	WT	WT	c.G389T	WT	WT	WT	HOMDEL	c.G356C	T3N0M0		MUC	0.351738573	-0.220661974	-0.317004991	0.246559295	-0.751544959	-0.278894733	0.032405851	0.213225427
LU-01-0055	WuXi	Squamous cell carcinoma	WT	WT	WT	c.T2573G	WT	WT	WT	WT	WT	WT	c.A542G	T2N1M1	G2	unclassified	0.439892931	-0.355406976	0.162095484	-0.386381308	-0.305730266	-0.401345473	0.152031289	0.350017532
LU-01-0056	WuXi	Squamous cell carcinoma	WT	c.G1019T	c.C1408T	WT	WT	WT	c.568delC	WT	WT	HOMDEL	c.57delA	T3N0M0	G1	unclassified	0.40321333	0.2982112	-0.839229514	0.538355086	-0.149394306	0.055997208	0.121795039	-0.197980445
LU-01-0057	WuXi	Adenocarcinoma	WT	WT	WT	WT	WT	WT	WT	WT	WT	HOMDEL	c.C193T	T2N1M0	G2/G3	MUC	0.422629084	-0.290407336	-0.429682194	0.189005816	-0.21741808	-0.32719537	-0.089971119	0.063867726
LU-01-0166	WuXi	Squamous cell carcinoma	WT	WT	WT	WT	WT	WT	WT	WT	WT	WT	c.G713T		G2	unclassified	0.322072301	0.1548529	0.002804342	0.61842168	-0.528355773	-0.403052248	-0.02652772	-0.130708526
LU-01-0217	WuXi	Squamous cell carcinoma	WT	WT	WT	WT	WT	WT	WT	WT	WT	c.G97T	c.A419G	T2N2M0	G2/G3	PRO	-0.151796213	0.506969919	-0.01787461	0.9394825	0.346729689	-0.341518361	-0.159631296	0.106098751
LU-01-0228	WuXi	Adenocarcinoma	WT	WT	WT	WT	WT	WT	WT	WT	WT	WT	WT			PRO	-1.338294655	1.182034621	0.34100446	0.157569385	-0.04573322	-0.201207501	0.458622855	-0.886254314
LU-01-0236	WuXi	Adenocarcinoma	WT	WT	WT	WT	WT	WT	WT	WT	c.G924A	HOMDEL	WT	T4N2M0	G3	PRO	-0.32231372	0.528499709	-0.829482991	-0.717889814	-2.333384479	0.634362952	0.028917929	-1.094492807
LU-01-0236_PDC	WuXi	Adenocarcinoma	WT	WT	WT	WT	WT	WT	WT	WT	c.G924A	HOMDEL	WT	T4N2M0	G3	PRO	-0.832851162	0.504164316	-0.792852223	-0.558288915	-1.414846678	0.030829634	0.064012711	-1.242506927
LU-01-0245	WuXi	Squamous cell carcinoma	WT	WT	WT	WT	WT	WT	WT	WT	HOMDEL	WT	WT	T2N0M0	G2	unclassified	0.209598375	0.46540201	0.043950279	0.166132962	-0.668857261	0.168360288	0.095166993	-0.30172437
LU-01-0251	WuXi	Adenocarcinoma	WT	WT	WT	WT	WT	WT	WT	WT	WT	HOMDEL	c.G475T	T2N1M0	G3	MUC	1.004887915	-0.42468862	-1.560080342	-0.685054124	0.167087128	1.44814694	-0.063727102	0.631158146
LU-01-0251_PDC	WuXi	Adenocarcinoma	WT	WT	WT	c.T2573G	WT	WT	WT	WT	WT	HOMDEL	c.G475T	T2N1M0	G3	MUC	0.6269711	-0.787947393	0.118072158	-0.695028907	0.195503477	0.288731662	-0.157800211	1.151812745
LU-01-0252	WuXi	Squamous cell carcinoma	WT	WT	c.G25A	WT	WT	WT	WT	WT	WT	c.C238T	c.A841T	T4N2M0	G2	MES	-0.032486053	-0.22523228	0.347944728	0.870310549	-0.015251575	-0.299432659	0.184692592	0.127299494
LU-01-0259	WuXi	Squamous cell carcinoma	WT	WT	c.C1474T	WT	WT	WT	WT	WT	WT	WT	c.G356T	T2N0M0	G2	unclassified	0.425709136	0.54694479	0.148020937	0.217761394	-0.067980549	0.091811381	0.091228523	-0.625110556
LU-01-0262	WuXi	Squamous cell carcinoma	WT	WT	c.178_179insT	WT	WT	c.G386T	WT	WT	WT	WT	c.A461G		G2	PRO	-3.205418779	1.471538339	-0.729289052	0.308772251	0.553552982	-0.384218598	0.644411872	-0.547749427
LU-01-0262_PDC	WuXi	Squamous cell carcinoma	WT	WT	WT	WT	WT	c.G386T	WT	WT	WT	WT	c.A461G		G2	unclassified	-0.219829147	0.054438714	0.052313345	1.314641291	0.540376679	-0.134461502	-0.165690344	-0.085938987
LU-01-0266	WuXi	Squamous cell carcinoma	WT	WT	WT	WT	WT	c.A4573G	WT	WT	WT	WT	c.T677C	T2N1M0	G3	MUC	0.399294859	-0.363950423	-0.194131564	-0.141539124	0.337111561	-0.167582542	-0.234354156	0.214029777
LU-01-0270	WuXi	Squamous cell carcinoma	WT	WT	WT	WT	WT	WT	WT	WT	WT	WT	c.763delG	T3N1M0	G1	unclassified	0.351699094	-0.842849859	0.090244754	-0.577452944	-0.096003941	-0.316650844	-0.207703726	-0.142571592
LU-01-0274	WuXi	Squamous cell carcinoma	WT	WT	c.G815A	WT	WT	c.T1895A	WT	WT	WT	HOMDEL	c.A737T	T3N0M0	G3	unclassified	0.44715871	0.296127543	-0.280794691	0.596623657	0.055628061	-0.296848498	-0.243473763	0.098380941
LU-01-0275	WuXi	Squamous cell carcinoma	WT	WT	WT	WT	WT	WT	WT	WT	WT	c.G250T	c.A331C	T3N2M0	G2	unclassified	-0.28859055	0.358601838	0.221510718	0.627750493	0.239716384	-0.204547607	-0.124641943	0.431849564
LU-01-0280	WuXi	Squamous cell carcinoma	WT	WT	WT	WT	WT	WT	WT	WT	WT	WT	c.G613T	T2N2M0	G3	unclassified	0.209871015	-0.009878625	-0.040674139	-0.561629415	-0.370632838	0.761961989	-0.167006785	-0.176939447
LU-01-0281	WuXi	Squamous +SCLC	WT	WT	c.C958G	WT	WT	c.G3229A	WT	WT	WT	WT	c.A598G	T3N1M0		PRO	0.430721677	0.75155285	-0.699361221	-0.490668714	-0.55231033	0.058542328	0.302590188	-0.992355587
LU-01-0289	WuXi	Squamous cell carcinoma	WT	WT	WT	WT	WT	c.A4573G	c.145dupA	WT	WT	WT	c.234delG	T2N0M0	G3	unclassified	-0.140725513	0.241137334	0.123785342	-0.228074806	-0.398683024	-0.389460986	-0.371336755	-0.478786234
LU-01-0301	WuXi	Squamous cell carcinoma	WT	WT	WT	c.A3380G	WT	WT	WT	WT	WT	WT	c.C97G	T2N0M1	G2	MES	0.022102685	-0.264244837	0.323847784	-0.154633697	-0.009543156	-0.396993872	-0.177478898	0.035736304
LU-01-0303	WuXi	Squamous cell carcinoma	WT	WT	WT	WT	WT	WT	WT	WT	WT	HOMDEL	c.C609A	T3N0M0	G1/G2	unclassified	-0.072826468	0.092457504	0.085317745	0.372418454	-0.092515031	-0.328421072	-0.068456283	-0.342593125
LU-01-0306	WuXi	Squamous cell carcinoma	WT	c.G1633A	c.G25A	WT	WT	WT	WT	WT	WT	WT	c.G410A	T2N0M0	G2	unclassified	0.131042117	-0.031510198	-0.4891305	0.408651347	-0.02514721	-0.403655507	0.149473911	-0.374983456
LU-01-0312	WuXi	Squamous cell carcinoma	WT	WT	WT	WT	WT	c.A4573G	WT	WT	WT	c.G262T	c.G613T	T2N1M0	G2	PRO	0.060459062	0.494009458	-0.027002548	0.982500388	0.030053066	-0.34583838	-0.141216359	0.171723106
LU-01-0322	WuXi	Squamous cell carcinoma	WT	c.G526C	c.C958G	WT	WT	WT	WT	WT	WT	c.C172T	c.G356T	T2N1M0	G2	unclassified	0.0501509	0.192037995	0.000823379	1.126084065	-0.376577544	-0.382851561	-0.17637987	-1.113000546
LU-01-0322_PDC	WuXi	Squamous cell carcinoma	WT	c.G526C	c.C958G	WT	WT	WT	WT	WT	WT	c.C172T	c.G356T	T2N1M0	G2	MES	-0.049643821	-0.21584413	0.517750794	0.655619227	0.080715738	-0.337516815	-0.272173065	0.12259505
LU-01-0329	WuXi	Squamous cell carcinoma	WT	WT	WT	WT	WT	WT	WT	WT	WT	HOMDEL	c.G352T	T2N1M0	G2/G3	PRO	-0.298595938	0.315850763	-0.257530531	0.38650357	-0.73235966	-0.094783335	0.249107958	0.555165435
LU-01-0340	WuXi	Squamous cell carcinoma	WT	c.T716C	WT	c.C1960G	c.G64A	WT	WT	WT	c.C1062G	HOMDEL	c.A419G	T2N0M0	G2	MUC	0.495213847	-0.269661753	-0.386308918	-0.241089047	-0.321879616	-0.250247391	-0.143368186	-0.391815352
LU-01-0343	WuXi	Squamous cell carcinoma	WT	WT	c.G1672T	WT	WT	WT	WT	WT	WT	c.G220T	c.G630T	T2N0M0	G3	PRO	0.033085351	0.546262194	0.067665921	0.139465682	-0.198817348	-0.342720798	-0.222768839	0.089964409
LU-01-0349	WuXi	Squamous cell carcinoma	WT	WT	WT	WT	WT	WT	WT	WT	HOMDEL	WT	c.T401G	T3N0M0	G2	MUC	0.69398756	-0.402438429	0.017109909	-0.176191844	-0.356375118	0.329161448	-0.098745624	-0.384930713
LU-01-0357	WuXi	Squamous cell carcinoma	WT	WT	WT	WT	WT	WT	WT	WT	WT	HOMDEL	c.G352T	T2N0M0		unclassified	-0.134418407	-0.140918855	0.146337812	0.327128014	-0.392225446	-0.011188208	-0.080738533	0.062213784
LU-01-0361	WuXi	Squamous cell carcinoma	c.G34T	WT	WT	WT	WT	WT	WT	WT	WT	HOMDEL	c.G775T	T2N0M0	G3	unclassified	-0.175441385	-0.860054047	0.28588556	-1.172869402	-0.044548005	-0.245681281	-0.295433725	0.10152618
LU-01-0361_PDC	WuXi	Squamous cell carcinoma	c.G34T	WT	WT	WT	WT	WT	WT	WT	WT	HOMDEL	c.G775T	T2N0M0	G3	unclassified	-0.667499654	-0.123809648	0.098969472	-0.444774441	0.082148229	-0.387830827	-0.160929692	1.074507704
LU-01-0362	WuXi	Squamous cell carcinoma	WT	WT	c.G404T	WT	WT	c.A4573G	WT	WT	WT	HOMDEL	c.G752A	T2N2M0	G2	unclassified	-0.172500411	-0.204504673	-0.095165355	-0.149655594	-1.588455543	-0.373124329	-0.307313079	-0.431334281
LU-01-0371	WuXi	Squamous cell carcinoma	WT	WT	WT	WT	WT	WT	WT	WT	HOMDEL	WT	c.C469T		G2	unclassified	0.169603956	-0.144280423	-0.082532169	-0.411610139	-0.722524811	-0.073936483	-0.139217571	-0.52587982
LU-01-0382	WuXi	Squamous cell carcinoma	WT	WT	c.G1479T	WT	WT	WT	WT	WT	WT	HOMDEL	c.215dupT	T2N0M0	G2	unclassified	-0.17686437	0.029041871	-0.254331712	-0.030755475	-0.437458835	-0.321040925	0.002162581	-0.075603281
LU-01-0383	WuXi	Squamous cell carcinoma	WT	WT	WT	WT	WT	WT	WT	WT	WT	WT	c.G697A	T3N1M0	G1	MES	-0.057117547	-1.017894595	0.431102904	-0.741689708	-0.19568238	-0.372315933	-0.315161351	-0.085157115
LU-01-0393	WuXi	Squamous cell carcinoma	WT	WT	WT	WT	WT	WT	c.G389A	WT	WT	HOMDEL	c.C907T	T3N0M0	G2	MUC	0.499515385	-0.447016308	0.073675474	-0.304767732	-0.231958446	-0.06333851	-0.461709866	0.034199388
LU-01-0400	WuXi	Squamous cell carcinoma	WT	c.G1633A	WT	WT	WT	c.G358T	WT	WT	WT	c.C247T	c.678_679insT	T3N2M0	G3	PRO	0.088105566	0.581590035	-0.350939097	1.338912047	0.623086981	-0.140924225	-0.000660401	-0.657556132
LU-01-0400_PDC	WuXi	Squamous cell carcinoma	WT	c.G1633A	WT	WT	WT	c.G358T	WT	WT	WT	c.C247T	WT	T3N2M0	G3	unclassified	-0.068617515	0.179408458	-0.47118241	0.941984817	0.695629874	-0.269627693	-0.117348507	0.170997406
LU-01-0407	WuXi	Squamous cell carcinoma	WT	WT	WT	WT	WT	WT	WT	WT	HOMDEL	WT	WT	T3N2M0	G2/G3	unclassified	0.155181056	-0.153899294	-0.134212231	0.529486156	-3.259994306	0.463980881	0.584959289	-0.45980692
LU-01-0411	WuXi	Squamous cell carcinoma	WT	c.G1633A	WT	WT	WT	WT	WT	WT	WT	c.G44T	WT	T2N2M0	G2/G3	PRO	0.019514003	0.734485719	0.349618088	0.065750009	0.265067881	-0.091232206	-0.209180866	1.072557281
LU-01-0412	WuXi	Adenocarcinoma	WT	WT	WT	WT	WT	WT	WT	WT	c.991_995del	HOMDEL	c.G889T	T3N2M0	G3	unclassified	0.140740384	0.399880838	-0.790844703	-3.995143256	-0.490610159	1.84623097	0.258198502	-0.157968789
LU-01-0413	WuXi	Squamous cell carcinoma	WT	WT	WT	WT	WT	WT	WT	WT	WT	HOMDEL	c.810delC	T2N2M0	G2	unclassified	-0.11362707	0.065071334	0.244750598	0.746689016	-0.477837955	-0.321805629	-0.075086605	-0.054631585
LU-01-0414	WuXi	Squamous cell carcinoma	WT	WT	WT	WT	WT	WT	WT	WT	HOMDEL	HOMDEL	WT	T2N2M0	G3	MES	-1.134597974	-1.273283185	0.921321729	-0.704084563	0.025795552	-0.32479699	-0.15808559	0.514049936
LU-01-0416	WuXi	Squamous cell carcinoma	WT	WT	WT	WT	WT	c.T1427C	WT	WT	HOMDEL	HOMDEL	c.T467C		G2/G3	PRO	0.001078672	0.604545889	-0.003710081	-0.024784835	-0.306307523	-0.253059636	-0.061652838	0.197020504
LU-01-0420	WuXi	Squamous cell carcinoma	WT	WT	WT	WT	c.T665A	WT	WT	WT	WT	WT	c.G394T	T2N1M0	G2	unclassified	0.146516412	-0.21831229	0.301435431	-0.330808547	-0.707885749	-0.005707683	-0.109737297	0.100752741
LU-01-0422	WuXi	Adenosquamous carcinoma	WT	WT	WT	WT	WT	WT	WT	c.1984A>G	WT	WT	WT	T2N1M0	G3	MUC	0.673462646	-0.44032343	-0.549951341	-3.702520987	1.628421904	0.441162442	0.352929979	0.421750176
LU-01-0426	WuXi	Adenosquamous carcinoma	WT	c.A1049G	WT	WT	WT	WT	WT	WT	WT	WT	c.C727T	T2N0M0		MUC	0.585001526	-0.889051982	-0.112804454	-0.926148059	-0.447279362	-0.326764944	-0.250775051	0.237687645
LU-01-0427	WuXi	Squamous cell carcinoma	WT	WT	WT	WT	WT	WT	c.C640T	WT	WT	WT	c.G493T	T2N1M0	G3	unclassified	0.629991063	0.573495234	-0.169724721	0.321856605	0.371586608	-0.296773007	-0.093023362	-0.30961127
LU-01-0430	WuXi	Adenocarcinoma + sarcomatoid (spindle cell)	c.G35T	WT	WT	WT	WT	WT	WT	WT	WT	HOMDEL	c.G352T		G2/G3	unclassified	-0.038852785	-0.159717893	-0.097429918	-1.003109422	-0.598398336	0.383868111	0.100886447	0.522471797
LU-01-0432	WuXi	Squamous cell carcinoma	WT	WT	WT	WT	WT	WT	WT	c.1984A>G	WT	WT	WT	T2N1M0	G2	MUC	0.728060182	-0.413252908	-0.332989648	-4.151431684	1.40116297	0.165698228	0.464537674	0.469390666
LU-01-0438	WuXi	Squamous cell carcinoma	WT	c.A3140T	WT	WT	WT	WT	WT	WT	WT	WT	c.G928T	T3N0M0	G2	unclassified	0.032495419	-0.135876682	0.075995643	0.62236509	0.350450471	0.243301026	0.08497372	-0.177462011
LU-01-0439	WuXi	Adenocarcinoma + sarcomatoid (spindle cell)	c.G35C	WT	WT	WT	WT	WT	WT	WT	WT	WT	WT	T3N1M0	G2/G3	MES	-1.138369354	-1.177379451	0.455758623	-0.69487747	-0.300660525	-0.25981231	-0.199613225	0.540935646
LU-01-0447	WuXi	Squamous cell carcinoma + sarcomatoid	WT	c.G1633A	WT	WT	WT	WT	WT	WT	WT	HOMDEL	c.T467C	T2N1M0	G2	unclassified	-0.541427264	-0.03108891	-0.053745125	-0.147785333	-1.137648352	-0.22110064	0.21397417	-0.018950397
LU-01-0448	WuXi	Adenocarcinoma	WT	WT	WT	WT	WT	WT	WT	WT	WT	HOMDEL	WT	T2N2M0	G3	MUC	0.705343875	-0.734280147	0.037194196	-0.6435318	0.246672818	-0.313440133	-0.221179716	0.340436425
LU-01-0451	WuXi	Squamous cell carcinoma	WT	WT	WT	WT	WT	WT	WT	WT	WT	WT	c.G493T	T2N1M0	G2	unclassified	0.119020603	-0.153165001	-0.02364662	0.740918256	0.123654197	-0.321901065	0.173041851	-0.17426657
LU-01-0454	WuXi	Squamous cell carcinoma	WT	WT	WT	WT	WT	WT	WT	WT	WT	WT	c.A646T	T3N1M0	G2	unclassified	0.075014489	0.328246503	0.169617808	1.014700514	-0.353120839	0.137222094	-0.2692161	-0.234667296
LU-01-0462	WuXi	Adenocarcinoma	c.G34T	WT	WT	WT	WT	WT	WT	WT	WT	WT	WT	T2N2M0	G3	MUC	0.90462787	-0.499065056	-0.170585431	0.006332631	0.162541729	-0.031427076	-0.280976555	0.348969573
LU-01-0465	WuXi	Adenocarcinoma	WT	WT	WT	WT	WT	WT	WT	c.G5669C	WT	c.G28T	WT	T2N0M0	G3	unclassified	-0.092060171	-0.251253281	-0.178073497	-0.80808565	-2.420623857	-0.249628955	-0.253400079	0.030688392
LU-01-0466	WuXi	Squamous cell carcinoma	WT	WT	WT	WT	WT	WT	WT	WT	HOMDEL	c.134delG	c.G626A	T2N0M0	G3	unclassified	0.098405337	-0.13900922	0.009950133	0.278552663	-1.23387268	-0.050107989	-0.416801047	0.298886861
LU-01-0476	WuXi	Squamous cell carcinoma	WT	WT	WT	WT	WT	WT	WT	WT	WT	WT	c.G421T	T3N1M0	G2	MUC	0.573574305	-0.485075878	-0.092624216	0.438963856	0.292232917	-0.386970968	0.041721758	-0.149829689
LU-01-0479	WuXi	Squamous cell carcinoma	WT	WT	WT	WT	WT	WT	WT	WT	c.C1062G	c.T290A	c.423delG	T3N1M0	G2/G3	unclassified	0.621516616	0.10066779	0.359693056	-0.008972935	-0.902371975	-0.319069054	-0.168572087	0.105606214
LU-01-0483	WuXi	Adenocarcinoma	WT	c.G1633A	WT	WT	WT	WT	c.C176G	WT	c.C647T	WT	WT	T2N0M0	G2	MUC	1.999902116	-0.070499988	-1.698714724	0.025700566	-0.844898603	1.493241215	-0.06020863	-0.409482745
LU-01-0484	WuXi	Small cell carcinoma	WT	WT	WT	WT	WT	WT	WT	WT	WT	WT	c.G400A	T2N1M0		PRO	-0.479718065	0.3788255	-0.45310104	1.346915071	-0.71503902	-0.405026347	-0.270704626	-0.971631465
LU-01-0486	WuXi	Adenocarcinoma	c.G35T	WT	c.A932G	WT	WT	WT	WT	WT	c.G890T	HOMDEL	c.G744C	T2N0M0	G3	MUC	1.069651545	-0.061583941	-1.122575127	-0.064665687	-0.266071418	1.2013817	0.497517713	0.019668499
LU-01-0490	WuXi	Squamous cell carcinoma	WT	WT	c.C1408T	WT	WT	WT	WT	WT	HOMDEL	WT	WT	T3N2M0		PRO	0.024436143	0.418143722	-1.271780878	0.79363056	-3.582668868	0.226434934	0.566085876	-0.190531947
LU-01-0493	WuXi	Adenocarcinoma	WT	WT	WT	WT	WT	WT	WT	WT	WT	WT	WT	T2bN2M0	G3	MES	0.330284343	-0.836218835	0.93098697	-0.810664448	-0.438885523	0.128501404	-0.031825603	-0.017167627
LU-01-0496	WuXi	Squamous cell carcinoma	WT	WT	WT	WT	WT	WT	WT	WT	WT	WT	c.G493T	T2N1M0	G2	unclassified	0.042321957	-0.578655763	0.197505185	0.671115282	-0.022733734	-0.228384915	-0.207578363	-0.137301636
LU-01-0506	WuXi	Adenocarcinoma	WT	WT	WT	c.A2126C	WT	WT	WT	WT	WT	WT	WT	T2N0M0	G3	MES	-0.566026747	-0.824214512	1.269215854	-0.711353539	0.24485522	-0.349859077	-0.356838341	0.658093422
LU-01-0511	WuXi	Adenocarcinoma (mucoepidermoid carcinoma)	WT	WT	WT	WT	WT	WT	WT	WT	c.1062C>G	WT	WT	T3N2M0		unclassified	0.282051719	-0.575557262	-1.428895187	0.33468862	2.496461589	1.374231853	0.552130583	0.298481361
LU-01-0520	WuXi	Squamous cell carcinoma	WT	WT	c.C1193T	WT	WT	WT	WT	WT	WT	HOMDEL	WT	T2N1M0	G2/G3	unclassified	-0.020405108	0.21879641	-0.190477481	0.672845334	0.202597887	-0.374725026	-0.118031749	-0.490650502
LU-01-0523	WuXi	Adenosquamous carcinoma	WT	WT	WT	WT	WT	WT	WT	WT	WT	WT	WT	T2N0M0		MUC	0.98807194	-0.848786482	0.648671341	-0.353797155	1.241877866	-0.26610851	0.477912501	0.755544605
LU-01-0529	WuXi	Squamous cell carcinoma	WT	WT	WT	WT	WT	WT	WT	WT	WT	WT	c.A721G	T4N1M0	G3	unclassified	-0.273723949	0.148077668	0.176066765	1.091116735	0.971680843	-0.375258999	-0.232583879	-0.192791364
LU-01-0532	WuXi	Squamous cell carcinoma	WT	WT	WT	WT	WT	WT	WT	WT	WT	HOMDEL	WT	T2N0M0	G2	PRO	0.052739382	0.414903532	-0.036787515	1.187813532	0.133225193	-0.243330306	-0.251518464	-0.318737108
LU-01-0538	WuXi	Adenocarcinoma	c.G35T	WT	WT	WT	c.C1570A	WT	WT	WT	WT	WT	WT	T2N2M0	G2/G3	MUC	1.47225833	-0.381601302	0.20922937	-0.304539908	0.413051108	0.659902024	-0.240196446	0.752786417
LU-01-0539	WuXi	Adenosquamous carcinoma	WT	WT	WT	c.2237_2246del	WT	WT	WT	WT	WT	HOMDEL	WT	T2N2M0	G2/G3	unclassified	0.293378774	-0.991383019	-0.329670448	-0.278586775	-0.265770344	-0.174056463	0.074722205	0.751865241
LU-01-0541	WuXi	Adenosquamous carcinoma	WT	WT	WT	WT	WT	WT	c.737_740del	WT	WT	WT	c.G358C	T3N0M0	G3	unclassified	0.498304369	0.37244547	0.561839188	0.184416907	0.289109358	-0.352995975	0.180966203	-0.410703101
LU-01-0547	WuXi	Small cell carcinoma	WT	WT	WT	WT	WT	WT	WT	WT	WT	WT	c.G356T			PRO	-2.331163769	1.472313595	-0.53017207	-0.228993342	0.639452376	-0.28882259	0.297255502	-1.304856198
LU-01-0555	WuXi	Adenocarcinoma	WT	WT	WT	WT	WT	c.G1537T	WT	WT	WT	HOMDEL	c.A367T	T2N2M0	G3	MES	-0.643796115	-1.646229402	1.573666591	-0.677355487	-0.086598569	-0.255686529	-0.304674004	-0.244165525
LU-01-0556	WuXi	Adenocarcinoma	WT	c.G1633A	c.C1524A	WT	WT	WT	WT	WT	WT	WT	WT	T2N1MX	G3	MUC	0.759163827	0.21139613	-1.123344883	0.492009475	-1.211369158	1.760669245	0.38395932	0.515163079
LU-01-0561	WuXi	Squamous cell carcinoma	WT	WT	WT	c.G1529C	WT	WT	WT	WT	WT	c.318delG	c.G679T	T2aN1M0	G2/G3	unclassified	0.469584376	-0.062013291	0.248145511	0.864159633	0.285010369	-0.337875001	-0.112223448	0.317991251
LU-01-0566	WuXi	Squamous cell carcinoma	WT	WT	WT	WT	WT	WT	WT	WT	WT	WT	WT	T2N1M0	G2	PRO	0.001150039	0.578349617	-0.733453115	0.315558195	-0.283965817	0.187440175	0.073884393	0.0068063
LU-01-0570	WuXi	Squamous cell carcinoma	WT	WT	WT	WT	WT	c.G1779A	c.G141T	WT	WT	c.143delC	c.A542G	T3N0M0		unclassified	0.272292015	0.221731728	0.438665038	0.456680386	0.188366389	0.314112116	0.09071192	-0.065648321
LU-01-0571	WuXi	Squamous cell carcinoma	WT	WT	WT	WT	WT	WT	WT	WT	WT	WT	WT	T2N2M0	G2	unclassified	0.465355827	0.302658743	0.02458626	0.11866591	-0.518490919	-0.396999236	0.018630174	0.219768031
LU-01-0573	WuXi	Adenocarcinoma	WT	WT	c.G1523T	c.G1481A	WT	WT	WT	WT	c.G949T	HOMDEL	c.C700T	T3N0M0	G3	unclassified	1.006001578	0.841232284	-1.820304769	0.659937341	-0.06064665	3.556016081	1.631310302	0.00805933
LU-01-0580	WuXi	Squamous cell carcinoma	WT	WT	WT	WT	WT	WT	WT	WT	WT	HOMDEL	c.A524G	T2N2M0	G2	MUC	0.451661	0.01498781	-0.000484664	0.142394746	-0.378880386	-0.25523714	0.073291352	0.377637051
LU-01-0582	WuXi	Adenocarcinoma	WT	WT	WT	WT	WT	WT	WT	WT	WT	HOMDEL	WT	T2N2MX	G2/G3	MUC	0.780545505	-0.417682295	-0.533618533	0.038869925	-0.069257728	1.470863736	-0.138052835	0.735202195
LU-01-0591	WuXi	Squamous cell carcinoma	WT	WT	WT	WT	WT	WT	WT	WT	WT	WT	c.A508T	T2N2M0	G2	unclassified	0.154135981	0.313336969	-0.165483401	0.52958647	-0.270509924	-0.104491854	-0.147825174	-0.393640138
LU-01-0593	WuXi	Squamous cell carcinoma	WT	WT	WT	WT	WT	WT	WT	WT	WT	c.C242A	WT	T2N0M0	G2	PRO	0.126777971	0.531396864	0.129076326	0.83474372	0.130629562	-0.259340581	-0.078791026	0.004519683
LU-01-0598	WuXi	Adenocarcinoma	WT	WT	WT	c.G2335T	WT	WT	WT	WT	WT	HOMDEL	c.A419T	T2N2M0	G3	MES	-0.697843632	-1.019466608	0.683739203	-0.514399605	-0.800504382	0.978207696	-0.177968451	0.584256475
LU-01-0598_PDC	WuXi	Adenocarcinoma	WT	WT	WT	c.G2335T	WT	WT	WT	WT	WT	HOMDEL	c.A419T	T2N2M0	G3	MES	-0.838147528	-0.952299042	0.877705074	-0.503426106	-0.115463221	0.0741797	-0.166772095	0.438270659
LU-01-0601_PDC	WuXi	Squamous cell carcinoma	WT	WT	WT	WT	WT	WT	WT	WT	c.C881T	c.A212T	c.G876T	T2N0M0	G2	MES	0.017986978	-0.29344107	0.416298391	-0.677927203	-0.252747599	-0.327008474	-0.33775301	-0.15247714
LU-01-0604	WuXi	Squamous carcinoma + sarcomatoid	WT	WT	WT	WT	WT	WT	WT	WT	c.1062C>G	WT	c.594G>C	T2AN0M0	G3	PRO	-0.87622081	1.434932975	0.917843868	1.99261745	1.760556277	-0.173399624	0.746971007	-0.590957496
LU-01-0604_PDC	WuXi	Squamous carcinoma + sarcomatoid	WT	WT	WT	WT	WT	WT	WT	WT	c.C1062G	WT	c.G594C	T2AN0M0	G3	PRO	-0.281608033	0.417648871	-0.144704878	0.116517475	-0.486369716	-0.291007651	-0.40059046	-0.109596473
LU-01-0605	WuXi	Squamous cell carcinoma	WT	c.G1357C	WT	WT	WT	WT	WT	WT	WT	HOMDEL	c.G919T	T2bN1M0	G3	unclassified	0.164597521	0.062863073	-0.510993092	0.848305903	-0.617605262	-0.323458529	-0.003267273	0.038104561
LU-01-0608	WuXi	Squamous cell carcinoma	WT	WT	WT	WT	WT	WT	WT	WT	WT	HOMDEL	c.C700T	T2N0M0	G2	unclassified	0.150574485	0.251744468	0.152484356	0.762998502	0.286961491	-0.260597371	-0.155383659	-0.344058809
LU-01-0654	WuXi	Squamous cell carcinoma	WT	WT	WT	WT	WT	WT	WT	WT	WT	WT	WT	T2N1M0	G2	PRO	0.162056742	0.933404165	0.193318102	0.605274117	0.158978092	0.974095233	0.055219158	-0.289709962
LU-01-0668	WuXi	Squamous cell carcinoma	WT	WT	WT	WT	WT	WT	WT	WT	WT	HOMDEL	c.93_94insA	T3N1M0	G2/G3	MUC	0.397370967	-0.104686957	-0.287138395	0.540029305	-0.250712474	-0.114115999	0.153086591	-0.026860948
LU-01-0683	WuXi	Small cell carcinoma	WT	WT	WT	c.C763T	WT	WT	WT	WT	WT	WT	c.G629C	T1BN1M0		PRO	-2.007930911	1.925456458	-0.440706369	0.06260403	0.967041529	0.376729666	0.433845597	-0.933719137
LU-01-0684	WuXi	Adenosquamous carcinoma	WT	WT	WT	WT	WT	WT	WT	WT	WT	WT	c.419A>C	T3N2M0		unclassified	-0.014636095	-0.142780295	-0.389534666	0.557392977	-0.304384496	-0.31727664	1.308714271	0.176493192
LU-01-0693	WuXi	Adenocarcinoma	WT	WT	WT	WT	WT	c.3831C>G	WT	WT	WT	WT	WT	T2N1M0	G2/G3	MES	-0.238744065	0.176156931	0.622449458	0.452164429	2.524838758	-0.394964382	-0.359952624	-0.880581959
LU-01-0695	WuXi	Adenocarcinoma	WT	WT	WT	WT	WT	WT	WT	WT	WT	HOMDEL	c.763dupG	T2N1M0	G2	unclassified	-0.890003444	0.336797232	0.47320493	-0.865832499	-0.015731079	-0.411587471	-0.06553166	-0.271521083
LU-01-0709	WuXi	Squamous cell carcinoma	c.473C>A	WT	c.726G>T	WT	WT	WT	WT	WT	c.1062C>G	c.298G>C	c.352G>T	T3N1M0	G2	unclassified	0.081517076	0.318555645	0.156682482	1.549457996	2.370950482	-0.047792189	0.978326251	0.319994104
LU-01-0710	WuXi		WT	WT	WT	WT	WT	WT	WT	WT	WT	WT	c.G680T			PRO	0.247996673	0.578679806	-0.411102551	0.665531368	0.318358719	0.078714562	-0.047809166	0.601376602
LU-01-0713	WuXi	Adenosquamous carcinoma	WT	WT	WT	WT	WT	WT	WT	WT	WT	WT	WT	T2N0M0	G3	unclassified	-0.190854505	0.200689542	0.382445523	0.172095845	2.377846241	-0.353339125	-0.401773327	-0.347542497
LU-01-0714	WuXi	Small cell carcinoma	WT	WT	WT	WT	WT	WT	WT	WT	HOMDEL	WT	c.G889T	T3N2M0		PRO	-3.077603748	1.714659427	0.09361452	0.256719246	-0.484549258	-0.023720997	0.352943089	-0.697541427
LU-01-0720	WuXi		c.G35T	WT	WT	WT	WT	WT	WT	WT	WT	WT	c.255_258del			MES	-0.715383965	-1.176401043	0.841202644	-0.569816139	-0.157278078	-0.411587471	-0.275263069	0.209043059
LU-01-0733	WuXi	Squamous cell carcinoma	WT	WT	WT	WT	WT	WT	WT	WT	WT	WT	c.727C>T	T2BN2M0	G3	MUC	1.332851644	0.555289481	-0.086993902	1.123622259	3.762173149	1.287672619	0.322802881	-0.552933584
LU-01-0734	WuXi		WT	WT	WT	WT	WT	WT	WT	WT	WT	WT	WT			unclassified	-0.303166786	0.375263764	0.229464285	0.585632231	2.567949323	-0.360781818	-0.158804249	-0.575763736
LU-01-0737	WuXi	Adenocarcinoma	WT	WT	WT	WT	WT	WT	WT	WT	WT	WT	c.253_254insACTT	T2N2M0	G3	MES	0.011983474	-0.183665185	0.685575817	0.299360932	1.827041677	-0.21077284	0.244756579	0.510267771
LU-01-0742	WuXi		WT	WT	WT	WT	WT	c.328T>A	WT	WT	WT	WT	WT			unclassified	-0.375530352	0.278830518	0.319400421	0.527197086	2.480580504	-0.377457413	-0.338172422	-0.996425607
LU-01-0750	WuXi	Squamous cell carcinoma	WT	WT	WT	WT	WT	WT	WT	WT	WT	HOMDEL	c.G626A		G3	MES	-0.223827319	0.021853383	0.874333421	-0.502613097	0.104578788	-0.405286492	0.131969954	-0.370925758
LU-01-0751	WuXi		WT	WT	WT	WT	WT	WT	WT	WT	WT	WT	c.G212T			unclassified	-0.302577007	-1.350365596	0.225813087	-0.002883852	0.252688859	0.040384605	-0.328017368	0.521499355
LU-01-0752	WuXi	Squamous cell carcinoma	WT	WT	WT	c.C2255T	WT	WT	WT	WT	WT	HOMDEL	WT			MES	-0.311723356	-1.449215077	1.332979775	-0.558542461	0.317924454	-0.089615962	-0.172520524	0.277042757
LU-01-0771	WuXi		WT	WT	WT	WT	WT	WT	WT	WT	WT	WT	WT			unclassified	-0.574862133	0.265879173	0.262487947	0.463128058	2.723690921	-0.355496324	-0.341742824	-0.711457148
LU-01-0787	WuXi		WT	c.3140A>G	WT	WT	WT	WT	WT	c.7184T>A	WT	WT	WT			PRO	-0.121160464	1.242270598	0.136101813	0.209530053	1.904442326	0.106805442	0.232277893	1.310567015